folder,filename,path
2014,Sub Focus - Safe In Sound.mp3,2014/Sub Focus - Safe In Sound.mp3
2011,Koncept - Rising.mp3,2011/Koncept - Rising.mp3
2012,Koncept - Rising.mp3,2012/Koncept - Rising.mp3
2010,Rollz - Voice of the Mysterons.mp3,2010/Rollz - Voice of the Mysterons.mp3
2009,Heist - Robots Rebellion.mp3,2009/Heist - Robots Rebellion.mp3
2010,Delta Heavy - Space Time.mp3,2010/Delta Heavy - Space Time.mp3
2015,Memtrix - Ashes Away.mp3,2015/Memtrix - Ashes Away.mp3
2009,Vast & Shufunk - Special Treatment.mp3,2009/Vast & Shufunk - Special Treatment.mp3
2014,Total Science - Another Time (Ft. Grimm).mp3,2014/Total Science - Another Time (Ft. Grimm).mp3
2013,Kove - Night Thought (Music Video).mp3,2013/Kove - Night Thought (Music Video).mp3
2009,Greenlaw (Feat. DJ SS) - After I'm Gone (Tantrum Desire Remix).mp3,2009/Greenlaw (Feat. DJ SS) - After I'm Gone (Tantrum Desire Remix).mp3
Remixes,Greenlaw (Feat. DJ SS) - After I'm Gone (Tantrum Desire Remix).mp3,Remixes/Greenlaw (Feat. DJ SS) - After I'm Gone (Tantrum Desire Remix).mp3
2014,Example - 10 Million People (Kove Remix).mp3,2014/Example - 10 Million People (Kove Remix).mp3
2010,Wilkinson - Moonwalker.mp3,2010/Wilkinson - Moonwalker.mp3
2010,Camo & Krooked - History Of The Future.mp3,2010/Camo & Krooked - History Of The Future.mp3
2010,The Qemists - Your Revolution (Reso Remix).mp3,2010/The Qemists - Your Revolution (Reso Remix).mp3
Remixes,The Qemists - Your Revolution (Reso Remix).mp3,Remixes/The Qemists - Your Revolution (Reso Remix).mp3
2010,Ultima C - Reasons.mp3,2010/Ultima C - Reasons.mp3
2010,Zap - Low Blow.mp3,2010/Zap - Low Blow.mp3
2010,Medicin - Mobius Strip (Tantrum Desire Remix).mp3,2010/Medicin - Mobius Strip (Tantrum Desire Remix).mp3
Remixes,Medicin - Mobius Strip (Tantrum Desire Remix).mp3,Remixes/Medicin - Mobius Strip (Tantrum Desire Remix).mp3
2010,Sigma - Baltimore.mp3,2010/Sigma - Baltimore.mp3
2009,Decimal Bass - Joke Maker.mp3,2009/Decimal Bass - Joke Maker.mp3
2009,Shufunk - Mug Warfare.mp3,2009/Shufunk - Mug Warfare.mp3
2010,Rollz - Sustain.mp3,2010/Rollz - Sustain.mp3
2011,The Prototypes - Pandora.mp3,2011/The Prototypes - Pandora.mp3
2012,The Prototypes - Pandora.mp3,2012/The Prototypes - Pandora.mp3
2010,DisasZt & Infame - Oh My Dear (Body & Soul Remix).mp3,2010/DisasZt & Infame - Oh My Dear (Body & Soul Remix).mp3
Remixes,DisasZt & Infame - Oh My Dear (Body & Soul Remix).mp3,Remixes/DisasZt & Infame - Oh My Dear (Body & Soul Remix).mp3
2010,DJ SS - We Came To Entertain.mp3,2010/DJ SS - We Came To Entertain.mp3
2010,Camo & Krooked (Feat. Tali) - Verve.mp3,2010/Camo & Krooked (Feat. Tali) - Verve.mp3
2009,DisasZt - Together (DC Breaks Remix).mp3,2009/DisasZt - Together (DC Breaks Remix).mp3
Remixes,DisasZt - Together (DC Breaks Remix).mp3,Remixes/DisasZt - Together (DC Breaks Remix).mp3
2011,Tantrum Desire - Get With It.mp3,2011/Tantrum Desire - Get With It.mp3
2012,Tantrum Desire - Get With It.mp3,2012/Tantrum Desire - Get With It.mp3
Remixes,Heavy1 - Xiphactinus (Lenzman Remix).mp3,Remixes/Heavy1 - Xiphactinus (Lenzman Remix).mp3
2013,Optiv & CZA - Don't Look Now.mp3,2013/Optiv & CZA - Don't Look Now.mp3
2010,Shufunk & Dialogue - Die Hard.mp3,2010/Shufunk & Dialogue - Die Hard.mp3
Remixes,John B - Light Speed (Ft. NSG) (L Plus Remix).mp3,Remixes/John B - Light Speed (Ft. NSG) (L Plus Remix).mp3
2010,Sigma - Front To Back (Original Sin Remix).mp3,2010/Sigma - Front To Back (Original Sin Remix).mp3
Remixes,Sigma - Front To Back (Original Sin Remix).mp3,Remixes/Sigma - Front To Back (Original Sin Remix).mp3
2011,Phace & Misanthrop - Progression.mp3,2011/Phace & Misanthrop - Progression.mp3
2012,Phace & Misanthrop - Progression.mp3,2012/Phace & Misanthrop - Progression.mp3
2010,Friction - Life Cycle.mp3,2010/Friction - Life Cycle.mp3
2011,Hadouken! - Parasite (Break Remix).mp3,2011/Hadouken! - Parasite (Break Remix).mp3
2012,Hadouken! - Parasite (Break Remix).mp3,2012/Hadouken! - Parasite (Break Remix).mp3
Remixes,Hadouken! - Parasite (Break Remix).mp3,Remixes/Hadouken! - Parasite (Break Remix).mp3
2009,DJ Fresh & Deekline - Blow (Future Prophecies & Erb N Dub vs Ed Solo Remix).mp3,2009/DJ Fresh & Deekline - Blow (Future Prophecies & Erb N Dub vs Ed Solo Remix).mp3
Remixes,DJ Fresh & Deekline - Blow (Future Prophecies & Erb N Dub vs Ed Solo Remix).mp3,Remixes/DJ Fresh & Deekline - Blow (Future Prophecies & Erb N Dub vs Ed Solo Remix).mp3
2010,Sigma - Stronger.mp3,2010/Sigma - Stronger.mp3
2012,Rockwell - Childhood Memories (Ft. Kito & Sam Frank) (Metrik Remix).mp3,2012/Rockwell - Childhood Memories (Ft. Kito & Sam Frank) (Metrik Remix).mp3
2011,Rockwell - Childhood Memories (Ft. Kito & Sam Frank) (Metrik Remix).mp3,2011/Rockwell - Childhood Memories (Ft. Kito & Sam Frank) (Metrik Remix).mp3
Remixes,Rockwell - Childhood Memories (Ft. Kito & Sam Frank) (Metrik Remix).mp3,Remixes/Rockwell - Childhood Memories (Ft. Kito & Sam Frank) (Metrik Remix).mp3
Heavy,Culture Shock - Bunker.mp3,Heavy/Culture Shock - Bunker.mp3
2010,Camo & Krooked vs Body & Soul - The Big Rush.mp3,2010/Camo & Krooked vs Body & Soul - The Big Rush.mp3
Remixes,Funk D'Void - Diabla (Metrik Remix).mp3,Remixes/Funk D'Void - Diabla (Metrik Remix).mp3
2013,"Friction & Skream - Kingpin (Ft. Scrufizzer, P Money & Riko Dan) (Calyx & TeeBee Remix).mp3","2013/Friction & Skream - Kingpin (Ft. Scrufizzer, P Money & Riko Dan) (Calyx & TeeBee Remix).mp3"
Remixes,"Friction & Skream - Kingpin (Ft. Scrufizzer, P Money & Riko Dan) (Calyx & TeeBee Remix).mp3","Remixes/Friction & Skream - Kingpin (Ft. Scrufizzer, P Money & Riko Dan) (Calyx & TeeBee Remix).mp3"
2012,Xilent - Do It.mp3,2012/Xilent - Do It.mp3
2011,Xilent - Do It.mp3,2011/Xilent - Do It.mp3
2012,John B - Shining In The Dark (Ft. Shaz Sparks).mp3,2012/John B - Shining In The Dark (Ft. Shaz Sparks).mp3
2011,John B - Shining In The Dark (Ft. Shaz Sparks).mp3,2011/John B - Shining In The Dark (Ft. Shaz Sparks).mp3
2010,Avicii & Sebastien Drums - My Feelings For You (The Prototypes Remix).mp3,2010/Avicii & Sebastien Drums - My Feelings For You (The Prototypes Remix).mp3
Remixes,Avicii & Sebastien Drums - My Feelings For You (The Prototypes Remix).mp3,Remixes/Avicii & Sebastien Drums - My Feelings For You (The Prototypes Remix).mp3
2012,Drumsound & Bassline Smith - Through The Night (Ft. Tom Cane).mp3,2012/Drumsound & Bassline Smith - Through The Night (Ft. Tom Cane).mp3
2012,Enei - Centrifuge-1.mp3,2012/Enei - Centrifuge-1.mp3
2011,Enei - Centrifuge-1.mp3,2011/Enei - Centrifuge-1.mp3
2012,Rockwell - Tripwire.mp3,2012/Rockwell - Tripwire.mp3
2011,Rockwell - Tripwire.mp3,2011/Rockwell - Tripwire.mp3
Remixes,Avicii - Street Dancer (Delta Heavy Remix).mp3,Remixes/Avicii - Street Dancer (Delta Heavy Remix).mp3
2010,Loadstar (Xample & Lomax) - Link To The Past.mp3,2010/Loadstar (Xample & Lomax) - Link To The Past.mp3
2010,Mutated Forms - Last Time (ft. Jenna G).mp3,2010/Mutated Forms - Last Time (ft. Jenna G).mp3
2009,Beatwrecka & Deli J - Murdered @ Random (Shufunk Remix).mp3,2009/Beatwrecka & Deli J - Murdered @ Random (Shufunk Remix).mp3
Remixes,Beatwrecka & Deli J - Murdered @ Random (Shufunk Remix).mp3,Remixes/Beatwrecka & Deli J - Murdered @ Random (Shufunk Remix).mp3
2011,Mind Vortex - Now It's Time.mp3,2011/Mind Vortex - Now It's Time.mp3
2012,Mind Vortex - Now It's Time.mp3,2012/Mind Vortex - Now It's Time.mp3
2010,Shufunk & Deli J - Jiggy.mp3,2010/Shufunk & Deli J - Jiggy.mp3
2010,DJ Die & Interface Feat. William Cartwright - Bright Lights (Netsky Remix).mp3,2010/DJ Die & Interface Feat. William Cartwright - Bright Lights (Netsky Remix).mp3
Remixes,DJ Die & Interface Feat. William Cartwright - Bright Lights (Netsky Remix).mp3,Remixes/DJ Die & Interface Feat. William Cartwright - Bright Lights (Netsky Remix).mp3
2010,Cyantific - 305.mp3,2010/Cyantific - 305.mp3
Remixes,Cutline - Runnin' (ft. Belle Humble) (Rollz Remix).mp3,Remixes/Cutline - Runnin' (ft. Belle Humble) (Rollz Remix).mp3
2011,Cyantific - Infinity.mp3,2011/Cyantific - Infinity.mp3
2012,Cyantific - Infinity.mp3,2012/Cyantific - Infinity.mp3
2011,Youngman - Who Knows (Drumsound & Bassline Smith Remix).mp3,2011/Youngman - Who Knows (Drumsound & Bassline Smith Remix).mp3
2012,Youngman - Who Knows (Drumsound & Bassline Smith Remix).mp3,2012/Youngman - Who Knows (Drumsound & Bassline Smith Remix).mp3
Remixes,Youngman - Who Knows (Drumsound & Bassline Smith Remix).mp3,Remixes/Youngman - Who Knows (Drumsound & Bassline Smith Remix).mp3
2010,MJT & Wreckage Machinery - Colours.mp3,2010/MJT & Wreckage Machinery - Colours.mp3
2010,Shock One - Polygon (Dirtyphonics Remix).mp3,2010/Shock One - Polygon (Dirtyphonics Remix).mp3
Remixes,Shock One - Polygon (Dirtyphonics Remix).mp3,Remixes/Shock One - Polygon (Dirtyphonics Remix).mp3
2010,Shufunk & Deli J - Get My Chance.mp3,2010/Shufunk & Deli J - Get My Chance.mp3
2009,Shufunk - Cocaine VIP.mp3,2009/Shufunk - Cocaine VIP.mp3
2011,Rene LaVice - Headlock.mp3,2011/Rene LaVice - Headlock.mp3
2012,Rene LaVice - Headlock.mp3,2012/Rene LaVice - Headlock.mp3
2010,Friction vs Camo & Krooked Ft. Dynamite MC - Stand Up.mp3,2010/Friction vs Camo & Krooked Ft. Dynamite MC - Stand Up.mp3
2011,Lenzman - Wordsworth.mp3,2011/Lenzman - Wordsworth.mp3
2012,Lenzman - Wordsworth.mp3,2012/Lenzman - Wordsworth.mp3
2010,Blokhe4d - Beyond The Void.mp3,2010/Blokhe4d - Beyond The Void.mp3
2013,Fourward - Aftermath (Ft. Youthstar).mp3,2013/Fourward - Aftermath (Ft. Youthstar).mp3
2010,Medicin - Summer Drummer (Rollz Remix).mp3,2010/Medicin - Summer Drummer (Rollz Remix).mp3
Remixes,Medicin - Summer Drummer (Rollz Remix).mp3,Remixes/Medicin - Summer Drummer (Rollz Remix).mp3
2013,Dizzee Rascal - I Don't Need A Reason (Mampi Swift Remix).mp3,2013/Dizzee Rascal - I Don't Need A Reason (Mampi Swift Remix).mp3
Remixes,Dizzee Rascal - I Don't Need A Reason (Mampi Swift Remix).mp3,Remixes/Dizzee Rascal - I Don't Need A Reason (Mampi Swift Remix).mp3
2012,Camo & Krooked - Further Away.mp3,2012/Camo & Krooked - Further Away.mp3
2011,Camo & Krooked - Further Away.mp3,2011/Camo & Krooked - Further Away.mp3
2013,Wilkinson - Too Close (Ft. Detour City) (Frankee Remix).mp3,2013/Wilkinson - Too Close (Ft. Detour City) (Frankee Remix).mp3
Remixes,Wilkinson - Too Close (Ft. Detour City) (Frankee Remix).mp3,Remixes/Wilkinson - Too Close (Ft. Detour City) (Frankee Remix).mp3
2011,The Prototypes - Blackout (Ft. MC ID).mp3,2011/The Prototypes - Blackout (Ft. MC ID).mp3
2012,The Prototypes - Blackout (Ft. MC ID).mp3,2012/The Prototypes - Blackout (Ft. MC ID).mp3
2011,Sound of Stereo - Zipper (Crystal Clear Remix).mp3,2011/Sound of Stereo - Zipper (Crystal Clear Remix).mp3
2012,Sound of Stereo - Zipper (Crystal Clear Remix).mp3,2012/Sound of Stereo - Zipper (Crystal Clear Remix).mp3
Remixes,Sound of Stereo - Zipper (Crystal Clear Remix).mp3,Remixes/Sound of Stereo - Zipper (Crystal Clear Remix).mp3
Remixes,Nero - Guilt (Culture Shock Remix).mp3,Remixes/Nero - Guilt (Culture Shock Remix).mp3
Remixes,CJ Bolland - Camargue (Fred V & Grafix Remix).mp3,Remixes/CJ Bolland - Camargue (Fred V & Grafix Remix).mp3
2012,Fred V - In My Head VIP (Mutated Forms Remix).mp3,2012/Fred V - In My Head VIP (Mutated Forms Remix).mp3
2011,Fred V - In My Head VIP (Mutated Forms Remix).mp3,2011/Fred V - In My Head VIP (Mutated Forms Remix).mp3
Remixes,Fred V - In My Head VIP (Mutated Forms Remix).mp3,Remixes/Fred V - In My Head VIP (Mutated Forms Remix).mp3
2011,Netsky - Love Has Gone (Enei Remix).mp3,2011/Netsky - Love Has Gone (Enei Remix).mp3
2012,Netsky - Love Has Gone (Enei Remix).mp3,2012/Netsky - Love Has Gone (Enei Remix).mp3
Remixes,Netsky - Love Has Gone (Enei Remix).mp3,Remixes/Netsky - Love Has Gone (Enei Remix).mp3
2009,Callide - Ecstacy Rising.mp3,2009/Callide - Ecstacy Rising.mp3
2010,Blokhe4d - Last Days Of Disco.mp3,2010/Blokhe4d - Last Days Of Disco.mp3
2011,TC - Bass By The Tonne (Ft. Jakes).mp3,2011/TC - Bass By The Tonne (Ft. Jakes).mp3
2012,TC - Bass By The Tonne (Ft. Jakes).mp3,2012/TC - Bass By The Tonne (Ft. Jakes).mp3
2011,Technicolour - Centrifuge.mp3,2011/Technicolour - Centrifuge.mp3
2012,Technicolour - Centrifuge.mp3,2012/Technicolour - Centrifuge.mp3
2011,Sub Zero - Protection.mp3,2011/Sub Zero - Protection.mp3
2012,Sub Zero - Protection.mp3,2012/Sub Zero - Protection.mp3
2009,Heist - Iyacon.mp3,2009/Heist - Iyacon.mp3
2014,Cynematic - Daytona.mp3,2014/Cynematic - Daytona.mp3
2009,DJ Dose - Engage.mp3,2009/DJ Dose - Engage.mp3
2009,Renegade & Trema - Mr Vigilante.mp3,2009/Renegade & Trema - Mr Vigilante.mp3
2013,DC Breaks - Swag.mp3,2013/DC Breaks - Swag.mp3
2013,Calibre - Running.mp3,2013/Calibre - Running.mp3
2010,Blame - Let It Go (ft. Camilla Marie).mp3,2010/Blame - Let It Go (ft. Camilla Marie).mp3
Remixes,Laidback Luke vs Example - Natural Disaster (Andy C Remix).mp3,Remixes/Laidback Luke vs Example - Natural Disaster (Andy C Remix).mp3
2011,Rollz - This World.mp3,2011/Rollz - This World.mp3
2012,Rollz - This World.mp3,2012/Rollz - This World.mp3
2010,DJ Fresh - Talkbox (Camo & Krooked Remix).mp3,2010/DJ Fresh - Talkbox (Camo & Krooked Remix).mp3
Remixes,DJ Fresh - Talkbox (Camo & Krooked Remix).mp3,Remixes/DJ Fresh - Talkbox (Camo & Krooked Remix).mp3
2012,Mooqee & Pimpsoul - Feeling Good (Ft. Bianca Gerald) (Tantrum Desire Remix).mp3,2012/Mooqee & Pimpsoul - Feeling Good (Ft. Bianca Gerald) (Tantrum Desire Remix).mp3
2011,Mooqee & Pimpsoul - Feeling Good (Ft. Bianca Gerald) (Tantrum Desire Remix).mp3,2011/Mooqee & Pimpsoul - Feeling Good (Ft. Bianca Gerald) (Tantrum Desire Remix).mp3
Remixes,Mooqee & Pimpsoul - Feeling Good (Ft. Bianca Gerald) (Tantrum Desire Remix).mp3,Remixes/Mooqee & Pimpsoul - Feeling Good (Ft. Bianca Gerald) (Tantrum Desire Remix).mp3
2009,Heist & Haddow - Inner Being.mp3,2009/Heist & Haddow - Inner Being.mp3
Remixes,Friction - Someone (Ft. McLean) (The Prototypes Remix).mp3,Remixes/Friction - Someone (Ft. McLean) (The Prototypes Remix).mp3
2014,Cyantific - Type A.mp3,2014/Cyantific - Type A.mp3
2012,D_Minds - I Am Bad (Ft. Charlotte James) (Enei Remix).mp3,2012/D_Minds - I Am Bad (Ft. Charlotte James) (Enei Remix).mp3
2011,D_Minds - I Am Bad (Ft. Charlotte James) (Enei Remix).mp3,2011/D_Minds - I Am Bad (Ft. Charlotte James) (Enei Remix).mp3
Remixes,D_Minds - I Am Bad (Ft. Charlotte James) (Enei Remix).mp3,Remixes/D_Minds - I Am Bad (Ft. Charlotte James) (Enei Remix).mp3
2012,Rollz - The Music.mp3,2012/Rollz - The Music.mp3
2011,Rollz - The Music.mp3,2011/Rollz - The Music.mp3
2013,Rockwell - Detroit.mp3,2013/Rockwell - Detroit.mp3
2013,Andy C - Workout.mp3,2013/Andy C - Workout.mp3
2015,Calyx & TeeBee - Sawn Off.mp3,2015/Calyx & TeeBee - Sawn Off.mp3
Heavy,Calyx & TeeBee - Sawn Off.mp3,Heavy/Calyx & TeeBee - Sawn Off.mp3
2013,Technimatic - Intersection.mp3,2013/Technimatic - Intersection.mp3
Heavy,The Upbeats - Dr. Kink.mp3,Heavy/The Upbeats - Dr. Kink.mp3
2016,The Upbeats - Dr. Kink.mp3,2016/The Upbeats - Dr. Kink.mp3
2012,Maverick Sabre - No One (TC Remix).mp3,2012/Maverick Sabre - No One (TC Remix).mp3
2011,Maverick Sabre - No One (TC Remix).mp3,2011/Maverick Sabre - No One (TC Remix).mp3
Remixes,Maverick Sabre - No One (TC Remix).mp3,Remixes/Maverick Sabre - No One (TC Remix).mp3
2012,Ayah Marar - Mind Controller (ShockOne Remix).mp3,2012/Ayah Marar - Mind Controller (ShockOne Remix).mp3
2011,Ayah Marar - Mind Controller (ShockOne Remix).mp3,2011/Ayah Marar - Mind Controller (ShockOne Remix).mp3
Remixes,Ayah Marar - Mind Controller (ShockOne Remix).mp3,Remixes/Ayah Marar - Mind Controller (ShockOne Remix).mp3
2015,Rockwell - Itsok2behapp-e (ft. Sam Binga & Hyroglifics).mp3,2015/Rockwell - Itsok2behapp-e (ft. Sam Binga & Hyroglifics).mp3
2013,Calyx & Teebee - Strung Out VIP.mp3,2013/Calyx & Teebee - Strung Out VIP.mp3
2010,Cutline - Die For You (Shock One Remix).mp3,2010/Cutline - Die For You (Shock One Remix).mp3
Remixes,Cutline - Die For You (Shock One Remix).mp3,Remixes/Cutline - Die For You (Shock One Remix).mp3
2013,Dimension - Synth City.mp3,2013/Dimension - Synth City.mp3
2010,Callide - G-L All Stars.mp3,2010/Callide - G-L All Stars.mp3
Heavy,Phace & Misanthrop - Super Low.mp3,Heavy/Phace & Misanthrop - Super Low.mp3
2019,Phace & Misanthrop - Super Low.mp3,2019/Phace & Misanthrop - Super Low.mp3
2010,The Prototypes - Cascade (Cutline Remix).mp3,2010/The Prototypes - Cascade (Cutline Remix).mp3
Remixes,The Prototypes - Cascade (Cutline Remix).mp3,Remixes/The Prototypes - Cascade (Cutline Remix).mp3
Remixes,Camo & Krooked - Cross The Line (Ft. Ayah Marar) (Metrik Remix).mp3,Remixes/Camo & Krooked - Cross The Line (Ft. Ayah Marar) (Metrik Remix).mp3
Remixes,True Tiger - In The Air (ft. Professor Green & Maverick Sabre) (S.P.Y Remix).mp3,Remixes/True Tiger - In The Air (ft. Professor Green & Maverick Sabre) (S.P.Y Remix).mp3
2010,Grafix - Take Your Time.mp3,2010/Grafix - Take Your Time.mp3
2011,Tomek N - Biography.mp3,2011/Tomek N - Biography.mp3
2012,Tomek N - Biography.mp3,2012/Tomek N - Biography.mp3
2016,The Prototypes - City Of Gold.mp3,2016/The Prototypes - City Of Gold.mp3
2012,L Plus - Catastrophe (Ft. Shaz Sparks).mp3,2012/L Plus - Catastrophe (Ft. Shaz Sparks).mp3
2011,L Plus - Catastrophe (Ft. Shaz Sparks).mp3,2011/L Plus - Catastrophe (Ft. Shaz Sparks).mp3
2009,Sub Focus - Could This Be Real.mp3,2009/Sub Focus - Could This Be Real.mp3
2012,Wilkinson - Need To Know (Ft. Iman).mp3,2012/Wilkinson - Need To Know (Ft. Iman).mp3
2011,Wilkinson - Need To Know (Ft. Iman).mp3,2011/Wilkinson - Need To Know (Ft. Iman).mp3
2013,Torqux - Blazin' (Ft. Lady Leshurr) (Dimension Remix).mp3,2013/Torqux - Blazin' (Ft. Lady Leshurr) (Dimension Remix).mp3
Remixes,Torqux - Blazin' (Ft. Lady Leshurr) (Dimension Remix).mp3,Remixes/Torqux - Blazin' (Ft. Lady Leshurr) (Dimension Remix).mp3
2010,The Prototypes - Cascade.mp3,2010/The Prototypes - Cascade.mp3
2013,Alix Perez - Annie's Song (Ft. Sam Wills) (S.P.Y Remix).mp3,2013/Alix Perez - Annie's Song (Ft. Sam Wills) (S.P.Y Remix).mp3
Remixes,Alix Perez - Annie's Song (Ft. Sam Wills) (S.P.Y Remix).mp3,Remixes/Alix Perez - Annie's Song (Ft. Sam Wills) (S.P.Y Remix).mp3
Remixes,Skream - Anticipate (Ft. Sam Frank) (Netsky Remix).mp3,Remixes/Skream - Anticipate (Ft. Sam Frank) (Netsky Remix).mp3
2011,Blu Mar Ten - Blind Soul (Ft. Stray) (BCee Remix).mp3,2011/Blu Mar Ten - Blind Soul (Ft. Stray) (BCee Remix).mp3
2012,Blu Mar Ten - Blind Soul (Ft. Stray) (BCee Remix).mp3,2012/Blu Mar Ten - Blind Soul (Ft. Stray) (BCee Remix).mp3
Remixes,Blu Mar Ten - Blind Soul (Ft. Stray) (BCee Remix).mp3,Remixes/Blu Mar Ten - Blind Soul (Ft. Stray) (BCee Remix).mp3
2011,Technicolour & Komatic - We Were Always One.mp3,2011/Technicolour & Komatic - We Were Always One.mp3
2012,Technicolour & Komatic - We Were Always One.mp3,2012/Technicolour & Komatic - We Were Always One.mp3
2019,Murdock - Let It Go (ft M'Leah).mp3,2019/Murdock - Let It Go (ft M'Leah).mp3
2013,DC Breaks - Burning (Ft. Camden Cox).mp3,2013/DC Breaks - Burning (Ft. Camden Cox).mp3
2015,Decimal Bass - Work For Nothing.mp3,2015/Decimal Bass - Work For Nothing.mp3
Heavy,Decimal Bass - Work For Nothing.mp3,Heavy/Decimal Bass - Work For Nothing.mp3
2015,Franky Nuts & Zazu - Lifted.mp3,2015/Franky Nuts & Zazu - Lifted.mp3
2012,Ad Gannon - Space Snake.mp3,2012/Ad Gannon - Space Snake.mp3
2011,Ad Gannon - Space Snake.mp3,2011/Ad Gannon - Space Snake.mp3
2014,Blonde - I Loved You (Hamilton Remix).mp3,2014/Blonde - I Loved You (Hamilton Remix).mp3
Remixes,TMS - I Need You (ft. Jagga) (Shock One Remix).mp3,Remixes/TMS - I Need You (ft. Jagga) (Shock One Remix).mp3
2013,Mutated Forms - Tiny Little Pieces (Ft. Tali).mp3,2013/Mutated Forms - Tiny Little Pieces (Ft. Tali).mp3
Remixes,Stanton Warriors - Shoot Me Down (Sigma Remix).mp3,Remixes/Stanton Warriors - Shoot Me Down (Sigma Remix).mp3
2016,Konichi - Reverse Cold.mp3,2016/Konichi - Reverse Cold.mp3
2017,GLXY - Proposition (ft. James Robb).mp3,2017/GLXY - Proposition (ft. James Robb).mp3
2010,Noisia - My World (Ft. Giovanca).mp3,2010/Noisia - My World (Ft. Giovanca).mp3
2011,Aeph - Highway Thirteen.mp3,2011/Aeph - Highway Thirteen.mp3
2012,Aeph - Highway Thirteen.mp3,2012/Aeph - Highway Thirteen.mp3
2013,Break - Love So True VIP.mp3,2013/Break - Love So True VIP.mp3
2010,Xample & Lomax - Remember.mp3,2010/Xample & Lomax - Remember.mp3
2011,Dr Meaker - Music In The Night.mp3,2011/Dr Meaker - Music In The Night.mp3
2012,Dr Meaker - Music In The Night.mp3,2012/Dr Meaker - Music In The Night.mp3
2012,Dimension - Digital World.mp3,2012/Dimension - Digital World.mp3
2011,Dimension - Digital World.mp3,2011/Dimension - Digital World.mp3
2010,Blame ft. Camilla Marie - Star (Dub Mix).mp3,2010/Blame ft. Camilla Marie - Star (Dub Mix).mp3
2011,Ed_it - Shutter.mp3,2011/Ed_it - Shutter.mp3
2012,Ed_it - Shutter.mp3,2012/Ed_it - Shutter.mp3
2012,BCee - Captured In Time (Chris SU Remix).mp3,2012/BCee - Captured In Time (Chris SU Remix).mp3
2011,BCee - Captured In Time (Chris SU Remix).mp3,2011/BCee - Captured In Time (Chris SU Remix).mp3
Remixes,BCee - Captured In Time (Chris SU Remix).mp3,Remixes/BCee - Captured In Time (Chris SU Remix).mp3
Remixes,Example - Stay Awake (Delta Heavy Remix).mp3,Remixes/Example - Stay Awake (Delta Heavy Remix).mp3
2010,Wretch 32 - Traktor (Brookes Brothers Remix).mp3,2010/Wretch 32 - Traktor (Brookes Brothers Remix).mp3
Remixes,Wretch 32 - Traktor (Brookes Brothers Remix).mp3,Remixes/Wretch 32 - Traktor (Brookes Brothers Remix).mp3
2010,Calibre - Even If.mp3,2010/Calibre - Even If.mp3
2012,Rollz - Triple A.mp3,2012/Rollz - Triple A.mp3
2011,Rollz - Triple A.mp3,2011/Rollz - Triple A.mp3
2013,Wilkinson - Heartbeat (Ft. P Money & Arlissa) (Calyx & TeeBee Remix).mp3,2013/Wilkinson - Heartbeat (Ft. P Money & Arlissa) (Calyx & TeeBee Remix).mp3
Remixes,Wilkinson - Heartbeat (Ft. P Money & Arlissa) (Calyx & TeeBee Remix).mp3,Remixes/Wilkinson - Heartbeat (Ft. P Money & Arlissa) (Calyx & TeeBee Remix).mp3
2013,Die & Jenna G - 1000 Soul Songs.mp3,2013/Die & Jenna G - 1000 Soul Songs.mp3
2010,Savage Rehab - Walk The Bass.mp3,2010/Savage Rehab - Walk The Bass.mp3
2012,Enei - Centrifuge.mp3,2012/Enei - Centrifuge.mp3
2011,Enei - Centrifuge.mp3,2011/Enei - Centrifuge.mp3
2010,Crissy Criss & Youngman - Kick Snare (Drumstep VIP).mp3,2010/Crissy Criss & Youngman - Kick Snare (Drumstep VIP).mp3
2011,"Lung, Joe Syntax and Eleven8 - Red Rhythm.mp3","2011/Lung, Joe Syntax and Eleven8 - Red Rhythm.mp3"
2012,"Lung, Joe Syntax and Eleven8 - Red Rhythm.mp3","2012/Lung, Joe Syntax and Eleven8 - Red Rhythm.mp3"
2011,DJ Fresh - The Power (Ft. Dizzee Rascal) (Andy C Remix).mp3,2011/DJ Fresh - The Power (Ft. Dizzee Rascal) (Andy C Remix).mp3
2012,DJ Fresh - The Power (Ft. Dizzee Rascal) (Andy C Remix).mp3,2012/DJ Fresh - The Power (Ft. Dizzee Rascal) (Andy C Remix).mp3
Remixes,DJ Fresh - The Power (Ft. Dizzee Rascal) (Andy C Remix).mp3,Remixes/DJ Fresh - The Power (Ft. Dizzee Rascal) (Andy C Remix).mp3
2010,Grafix - Night Shift.mp3,2010/Grafix - Night Shift.mp3
2009,erb N dub - Mercy On Tha Dance Floor.mp3,2009/erb N dub - Mercy On Tha Dance Floor.mp3
2013,Danny Byrd - Love You Like This.mp3,2013/Danny Byrd - Love You Like This.mp3
2010,Grafix - Show Me How.mp3,2010/Grafix - Show Me How.mp3
Heavy,Ivy Lab - Sunday Crunk (Mefjus Remix).mp3,Heavy/Ivy Lab - Sunday Crunk (Mefjus Remix).mp3
2015,Ivy Lab - Sunday Crunk (Mefjus Remix).mp3,2015/Ivy Lab - Sunday Crunk (Mefjus Remix).mp3
Remixes,Ivy Lab - Sunday Crunk (Mefjus Remix).mp3,Remixes/Ivy Lab - Sunday Crunk (Mefjus Remix).mp3
2014,Xtrah - No Good.mp3,2014/Xtrah - No Good.mp3
2013,Danny Byrd - Get On It (Ft. Brookes Brothers).mp3,2013/Danny Byrd - Get On It (Ft. Brookes Brothers).mp3
2010,Don Diablo ft. Dragonette - Animale (The Prototypes Remix).mp3,2010/Don Diablo ft. Dragonette - Animale (The Prototypes Remix).mp3
Remixes,Don Diablo ft. Dragonette - Animale (The Prototypes Remix).mp3,Remixes/Don Diablo ft. Dragonette - Animale (The Prototypes Remix).mp3
2011,DJ Fresh - The Feeling (Ft. RaVaughn) (Metrik Remix).mp3,2011/DJ Fresh - The Feeling (Ft. RaVaughn) (Metrik Remix).mp3
2012,DJ Fresh - The Feeling (Ft. RaVaughn) (Metrik Remix).mp3,2012/DJ Fresh - The Feeling (Ft. RaVaughn) (Metrik Remix).mp3
Remixes,DJ Fresh - The Feeling (Ft. RaVaughn) (Metrik Remix).mp3,Remixes/DJ Fresh - The Feeling (Ft. RaVaughn) (Metrik Remix).mp3
2013,Dimension - Midnight Love.mp3,2013/Dimension - Midnight Love.mp3
2010,Drumsound & Bassline Smith - Error.mp3,2010/Drumsound & Bassline Smith - Error.mp3
2009,J Majik & Wickaman - Feel About You.mp3,2009/J Majik & Wickaman - Feel About You.mp3
2013,Nu_Logic - Tripping In Space.mp3,2013/Nu_Logic - Tripping In Space.mp3
2019,Crissy Criss x WiDE AWAKE - Real.mp3,2019/Crissy Criss x WiDE AWAKE - Real.mp3
2011,Birdy Nam Nam - Goin' In (Skrillex Goin' Hard Mix).mp3,2011/Birdy Nam Nam - Goin' In (Skrillex Goin' Hard Mix).mp3
2012,Birdy Nam Nam - Goin' In (Skrillex Goin' Hard Mix).mp3,2012/Birdy Nam Nam - Goin' In (Skrillex Goin' Hard Mix).mp3
2012,Drumsound & Bassline Smith - Daylight (Ft. Hadouken!).mp3,2012/Drumsound & Bassline Smith - Daylight (Ft. Hadouken!).mp3
2011,Drumsound & Bassline Smith - Daylight (Ft. Hadouken!).mp3,2011/Drumsound & Bassline Smith - Daylight (Ft. Hadouken!).mp3
2013,Metrik - Break Of Dawn.mp3,2013/Metrik - Break Of Dawn.mp3
2013,Mindscape - Ultrasonik.mp3,2013/Mindscape - Ultrasonik.mp3
2014,Tantrum Desire - Nightmare.mp3,2014/Tantrum Desire - Nightmare.mp3
2013,Drumsound & Bassline Smith - Nicaragua.mp3,2013/Drumsound & Bassline Smith - Nicaragua.mp3
Heavy,Phace - Stresstest.mp3,Heavy/Phace - Stresstest.mp3
2011,Phace - Stresstest.mp3,2011/Phace - Stresstest.mp3
2012,Phace - Stresstest.mp3,2012/Phace - Stresstest.mp3
2012,Cyantific - Infinity Plus 1.mp3,2012/Cyantific - Infinity Plus 1.mp3
2011,Cyantific - Infinity Plus 1.mp3,2011/Cyantific - Infinity Plus 1.mp3
2011,Dimension - Children.mp3,2011/Dimension - Children.mp3
2012,Dimension - Children.mp3,2012/Dimension - Children.mp3
2011,Cyantific - Walking Away.mp3,2011/Cyantific - Walking Away.mp3
2012,Cyantific - Walking Away.mp3,2012/Cyantific - Walking Away.mp3
2010,Skepta - Rescue Me (Sigma Remix).mp3,2010/Skepta - Rescue Me (Sigma Remix).mp3
Remixes,Skepta - Rescue Me (Sigma Remix).mp3,Remixes/Skepta - Rescue Me (Sigma Remix).mp3
2012,Culture Shock - I Remember.mp3,2012/Culture Shock - I Remember.mp3
2011,Culture Shock - I Remember.mp3,2011/Culture Shock - I Remember.mp3
2011,Calyx & TeeBee - Scavenger.mp3,2011/Calyx & TeeBee - Scavenger.mp3
2012,Calyx & TeeBee - Scavenger.mp3,2012/Calyx & TeeBee - Scavenger.mp3
Heavy,RL Grime - Core (Flite Remix).mp3,Heavy/RL Grime - Core (Flite Remix).mp3
Remixes,RL Grime - Core (Flite Remix).mp3,Remixes/RL Grime - Core (Flite Remix).mp3
2019,RL Grime - Core (Flite Remix).mp3,2019/RL Grime - Core (Flite Remix).mp3
Remixes,Laidback Luke - Time Bomb (Tantrum Desire Remix).mp3,Remixes/Laidback Luke - Time Bomb (Tantrum Desire Remix).mp3
2010,Mattix & Futile - Rising Up.mp3,2010/Mattix & Futile - Rising Up.mp3
2013,Dub Motion - Dun Watch It.mp3,2013/Dub Motion - Dun Watch It.mp3
Remixes,Skepsis - Goes Like (The Prototypes Remix).mp3,Remixes/Skepsis - Goes Like (The Prototypes Remix).mp3
2017,Skepsis - Goes Like (The Prototypes Remix).mp3,2017/Skepsis - Goes Like (The Prototypes Remix).mp3
2015,Ed Rush & Optical - Long Stay (ft. RymeTyme).mp3,2015/Ed Rush & Optical - Long Stay (ft. RymeTyme).mp3
Heavy,Ed Rush & Optical - Long Stay (ft. RymeTyme).mp3,Heavy/Ed Rush & Optical - Long Stay (ft. RymeTyme).mp3
2011,Ayah Marar - Unstoppable (Metrik Remix).mp3,2011/Ayah Marar - Unstoppable (Metrik Remix).mp3
2012,Ayah Marar - Unstoppable (Metrik Remix).mp3,2012/Ayah Marar - Unstoppable (Metrik Remix).mp3
Remixes,Ayah Marar - Unstoppable (Metrik Remix).mp3,Remixes/Ayah Marar - Unstoppable (Metrik Remix).mp3
2015,Skynet - One Speed.mp3,2015/Skynet - One Speed.mp3
Heavy,Skynet - One Speed.mp3,Heavy/Skynet - One Speed.mp3
2013,Survival - Dub Soldier.mp3,2013/Survival - Dub Soldier.mp3
2013,Alix Perez - The End Of Us (Ft. Sabre & Sam Wills).mp3,2013/Alix Perez - The End Of Us (Ft. Sabre & Sam Wills).mp3
2010,Johnny L - Dreaming (Sensai Remix).mp3,2010/Johnny L - Dreaming (Sensai Remix).mp3
2014,Camo & Krooked - All Night (Etherwood Remix).mp3,2014/Camo & Krooked - All Night (Etherwood Remix).mp3
Remixes,Johnny L - Dreaming (Sensai Remix).mp3,Remixes/Johnny L - Dreaming (Sensai Remix).mp3
Remixes,Camo & Krooked - All Night (Etherwood Remix).mp3,Remixes/Camo & Krooked - All Night (Etherwood Remix).mp3
Heavy,Mefjus & InsideInfo - Footpath (ft. The Upbeats).mp3,Heavy/Mefjus & InsideInfo - Footpath (ft. The Upbeats).mp3
2015,Mefjus & InsideInfo - Footpath (ft. The Upbeats).mp3,2015/Mefjus & InsideInfo - Footpath (ft. The Upbeats).mp3
2012,Fleur - Turn The Lights On.mp3,2012/Fleur - Turn The Lights On.mp3
2011,Fleur - Turn The Lights On.mp3,2011/Fleur - Turn The Lights On.mp3
2014,Delta Heavy - The World Is Yours.mp3,2014/Delta Heavy - The World Is Yours.mp3
2012,Emperor - Monolith.mp3,2012/Emperor - Monolith.mp3
2011,Emperor - Monolith.mp3,2011/Emperor - Monolith.mp3
2010,Doctor P - Sweet Shop (Friction vs Camo & Krooked Remix).mp3,2010/Doctor P - Sweet Shop (Friction vs Camo & Krooked Remix).mp3
Remixes,Doctor P - Sweet Shop (Friction vs Camo & Krooked Remix).mp3,Remixes/Doctor P - Sweet Shop (Friction vs Camo & Krooked Remix).mp3
2009,Rollz - Addict.mp3,2009/Rollz - Addict.mp3
2013,Bachelors Of Science & Aphonic - Make It Go.mp3,2013/Bachelors Of Science & Aphonic - Make It Go.mp3
2013,Kove - Gone.mp3,2013/Kove - Gone.mp3
2011,Rewind - I Get Up.mp3,2011/Rewind - I Get Up.mp3
2012,Rewind - I Get Up.mp3,2012/Rewind - I Get Up.mp3
2010,Greenlaw - Less of a Star (Rollz Remix).mp3,2010/Greenlaw - Less of a Star (Rollz Remix).mp3
Remixes,Greenlaw - Less of a Star (Rollz Remix).mp3,Remixes/Greenlaw - Less of a Star (Rollz Remix).mp3
2011,Modestep - Show Me A Sign (Camo & Krooked Remix).mp3,2011/Modestep - Show Me A Sign (Camo & Krooked Remix).mp3
2012,Modestep - Show Me A Sign (Camo & Krooked Remix).mp3,2012/Modestep - Show Me A Sign (Camo & Krooked Remix).mp3
Remixes,Modestep - Show Me A Sign (Camo & Krooked Remix).mp3,Remixes/Modestep - Show Me A Sign (Camo & Krooked Remix).mp3
2012,Seba - Too Much Too Soon (Ft. Jinder).mp3,2012/Seba - Too Much Too Soon (Ft. Jinder).mp3
2011,Seba - Too Much Too Soon (Ft. Jinder).mp3,2011/Seba - Too Much Too Soon (Ft. Jinder).mp3
2011,Drumsound & Bassline Smith - Through The Night (Ft. Tom Cane).mp3,2011/Drumsound & Bassline Smith - Through The Night (Ft. Tom Cane).mp3
2013,Dimension - All I Need (Ft. Bailey Tzuke).mp3,2013/Dimension - All I Need (Ft. Bailey Tzuke).mp3
2013,Etherwood - Souls Apart.mp3,2013/Etherwood - Souls Apart.mp3
2013,Drumsound & Bassline Smith - One In A Million (Ft. Fleur) (Tantrum Desire Remix).mp3,2013/Drumsound & Bassline Smith - One In A Million (Ft. Fleur) (Tantrum Desire Remix).mp3
Remixes,Drumsound & Bassline Smith - One In A Million (Ft. Fleur) (Tantrum Desire Remix).mp3,Remixes/Drumsound & Bassline Smith - One In A Million (Ft. Fleur) (Tantrum Desire Remix).mp3
2018,Chase & Status - Delete (ft. Burro Banton).mp3,2018/Chase & Status - Delete (ft. Burro Banton).mp3
2013,Frankee - Paranormal.mp3,2013/Frankee - Paranormal.mp3
2013,Dexcell - Close Your Eyes (Ft. Katie's Ambition).mp3,2013/Dexcell - Close Your Eyes (Ft. Katie's Ambition).mp3
2012,Caspa - War (Ft. Keith Flint) (Hazard Remix).mp3,2012/Caspa - War (Ft. Keith Flint) (Hazard Remix).mp3
2011,Caspa - War (Ft. Keith Flint) (Hazard Remix).mp3,2011/Caspa - War (Ft. Keith Flint) (Hazard Remix).mp3
Remixes,Caspa - War (Ft. Keith Flint) (Hazard Remix).mp3,Remixes/Caspa - War (Ft. Keith Flint) (Hazard Remix).mp3
2012,Maverick Sabre - I Used To Have It All (Delta Heavy Remix).mp3,2012/Maverick Sabre - I Used To Have It All (Delta Heavy Remix).mp3
2011,Maverick Sabre - I Used To Have It All (Delta Heavy Remix).mp3,2011/Maverick Sabre - I Used To Have It All (Delta Heavy Remix).mp3
Remixes,Maverick Sabre - I Used To Have It All (Delta Heavy Remix).mp3,Remixes/Maverick Sabre - I Used To Have It All (Delta Heavy Remix).mp3
2019,DJ Zinc - Glitter (ft. Macky Gee).mp3,2019/DJ Zinc - Glitter (ft. Macky Gee).mp3
2010,Duck Sauce - Barbara Streisand (Sigma Remix).mp3,2010/Duck Sauce - Barbara Streisand (Sigma Remix).mp3
Remixes,Duck Sauce - Barbara Streisand (Sigma Remix).mp3,Remixes/Duck Sauce - Barbara Streisand (Sigma Remix).mp3
2018,Dimension - Raver.mp3,2018/Dimension - Raver.mp3
2014,Emperor & Mefjus - Disrupted.mp3,2014/Emperor & Mefjus - Disrupted.mp3
2017,Friction - Mad In The Jungle (ft. Doktor).mp3,2017/Friction - Mad In The Jungle (ft. Doktor).mp3
2012,Neonlight - Computer Music.mp3,2012/Neonlight - Computer Music.mp3
2011,Neonlight - Computer Music.mp3,2011/Neonlight - Computer Music.mp3
2011,Rusko - Thunder (Ft. Bonnie McKee) (Tantrum Desire Remix).mp3,2011/Rusko - Thunder (Ft. Bonnie McKee) (Tantrum Desire Remix).mp3
2012,Rusko - Thunder (Ft. Bonnie McKee) (Tantrum Desire Remix).mp3,2012/Rusko - Thunder (Ft. Bonnie McKee) (Tantrum Desire Remix).mp3
Remixes,Rusko - Thunder (Ft. Bonnie McKee) (Tantrum Desire Remix).mp3,Remixes/Rusko - Thunder (Ft. Bonnie McKee) (Tantrum Desire Remix).mp3
2012,Major Look - Bass Generation (Ft. The Ragga Twins).mp3,2012/Major Look - Bass Generation (Ft. The Ragga Twins).mp3
2011,Major Look - Bass Generation (Ft. The Ragga Twins).mp3,2011/Major Look - Bass Generation (Ft. The Ragga Twins).mp3
2012,AD-Apt - Broken Bones (BCee & Bladerunner Remix).mp3,2012/AD-Apt - Broken Bones (BCee & Bladerunner Remix).mp3
2011,AD-Apt - Broken Bones (BCee & Bladerunner Remix).mp3,2011/AD-Apt - Broken Bones (BCee & Bladerunner Remix).mp3
Remixes,AD-Apt - Broken Bones (BCee & Bladerunner Remix).mp3,Remixes/AD-Apt - Broken Bones (BCee & Bladerunner Remix).mp3
2015,Phace & Noisia - Drawback.mp3,2015/Phace & Noisia - Drawback.mp3
Heavy,Phace & Noisia - Drawback.mp3,Heavy/Phace & Noisia - Drawback.mp3
2013,Chords - Biting Point.mp3,2013/Chords - Biting Point.mp3
2012,Drumsound and Bassline Smith - Through The Night (Ft. Tom Cane).mp3,2012/Drumsound and Bassline Smith - Through The Night (Ft. Tom Cane).mp3
2011,Drumsound and Bassline Smith - Through The Night (Ft. Tom Cane).mp3,2011/Drumsound and Bassline Smith - Through The Night (Ft. Tom Cane).mp3
2017,Brookes Brothers - Movin' On.mp3,2017/Brookes Brothers - Movin' On.mp3
2010,Blame ft. Ruff Sqwad - On My Own (Drum & Bass Mix).mp3,2010/Blame ft. Ruff Sqwad - On My Own (Drum & Bass Mix).mp3
2011,Total Science & S.P.Y - Piano Funk (Ft. Riya & DāM FunK).mp3,2011/Total Science & S.P.Y - Piano Funk (Ft. Riya & DāM FunK).mp3
2012,Total Science & S.P.Y - Piano Funk (Ft. Riya & DāM FunK).mp3,2012/Total Science & S.P.Y - Piano Funk (Ft. Riya & DāM FunK).mp3
Heavy,Current Value - Cotton Punch.mp3,Heavy/Current Value - Cotton Punch.mp3
2015,Current Value - Cotton Punch.mp3,2015/Current Value - Cotton Punch.mp3
2011,Total Science & S.P.Y - Past Lives (Ft. Kevin King) (Lenzman Remix).mp3,2011/Total Science & S.P.Y - Past Lives (Ft. Kevin King) (Lenzman Remix).mp3
2012,Total Science & S.P.Y - Past Lives (Ft. Kevin King) (Lenzman Remix).mp3,2012/Total Science & S.P.Y - Past Lives (Ft. Kevin King) (Lenzman Remix).mp3
Remixes,Total Science & S.P.Y - Past Lives (Ft. Kevin King) (Lenzman Remix).mp3,Remixes/Total Science & S.P.Y - Past Lives (Ft. Kevin King) (Lenzman Remix).mp3
2014,NickBee - Two Empires.mp3,2014/NickBee - Two Empires.mp3
Remixes,Sigma & Diztortion - Redemption (ft. Jacob Banks) (Sigma VIP Remix).mp3,Remixes/Sigma & Diztortion - Redemption (ft. Jacob Banks) (Sigma VIP Remix).mp3
Remixes,Tantrum Desire - Dark Water (Dub Foundation Remix).mp3,Remixes/Tantrum Desire - Dark Water (Dub Foundation Remix).mp3
Heavy,Rockwell - 1_2_3_4.mp3,Heavy/Rockwell - 1_2_3_4.mp3
2014,Rockwell - 1_2_3_4.mp3,2014/Rockwell - 1_2_3_4.mp3
2013,Drumsound & Bassline Smith - One In A Million (Ft. Fleur).mp3,2013/Drumsound & Bassline Smith - One In A Million (Ft. Fleur).mp3
Remixes,Grace Carter - Heal Me (René LaVice Remix).mp3,Remixes/Grace Carter - Heal Me (René LaVice Remix).mp3
2019,Grace Carter - Heal Me (René LaVice Remix).mp3,2019/Grace Carter - Heal Me (René LaVice Remix).mp3
2013,Sub Focus - Turn Back Time (Metrik Remix).mp3,2013/Sub Focus - Turn Back Time (Metrik Remix).mp3
2009,KG - Run Away.mp3,2009/KG - Run Away.mp3
2010,Rollz - The Truth Hurts.mp3,2010/Rollz - The Truth Hurts.mp3
2010,Break - Don't Look Down (Ft. Calyx & Teebee).mp3,2010/Break - Don't Look Down (Ft. Calyx & Teebee).mp3
2012,Hashtag - Hurt & Pain.mp3,2012/Hashtag - Hurt & Pain.mp3
2011,Hashtag - Hurt & Pain.mp3,2011/Hashtag - Hurt & Pain.mp3
2015,"June Miller - Ups & Downs (Ft. Anouk Visée, T & Sugah).mp3","2015/June Miller - Ups & Downs (Ft. Anouk Visée, T & Sugah).mp3"
Heavy,Barely Alive - Warrior (ft. Mad Hed City).mp3,Heavy/Barely Alive - Warrior (ft. Mad Hed City).mp3
2018,Barely Alive - Warrior (ft. Mad Hed City).mp3,2018/Barely Alive - Warrior (ft. Mad Hed City).mp3
2015,The Prototypes - Pop It Off (feat. Mad Hed City).mp3,2015/The Prototypes - Pop It Off (feat. Mad Hed City).mp3
2012,Michael Woods - We've Only Just Begun (Ft. Ester Dean) (Calyx & Teebee Remix).mp3,2012/Michael Woods - We've Only Just Begun (Ft. Ester Dean) (Calyx & Teebee Remix).mp3
2011,Michael Woods - We've Only Just Begun (Ft. Ester Dean) (Calyx & Teebee Remix).mp3,2011/Michael Woods - We've Only Just Begun (Ft. Ester Dean) (Calyx & Teebee Remix).mp3
Remixes,Michael Woods - We've Only Just Begun (Ft. Ester Dean) (Calyx & Teebee Remix).mp3,Remixes/Michael Woods - We've Only Just Begun (Ft. Ester Dean) (Calyx & Teebee Remix).mp3
2016,Davip - Helicopters.mp3,2016/Davip - Helicopters.mp3
Heavy,Davip - Helicopters.mp3,Heavy/Davip - Helicopters.mp3
Remixes,Example - Close Enemies (DJ Wire Remix).mp3,Remixes/Example - Close Enemies (DJ Wire Remix).mp3
2018,Wilkinson & Sub Focus - Take It Up.mp3,2018/Wilkinson & Sub Focus - Take It Up.mp3
Heavy,Noisia - Diplodocus (Noisia's 'Outer Edges' Remix).mp3,Heavy/Noisia - Diplodocus (Noisia's 'Outer Edges' Remix).mp3
2017,Noisia - Diplodocus (Noisia's 'Outer Edges' Remix).mp3,2017/Noisia - Diplodocus (Noisia's 'Outer Edges' Remix).mp3
Remixes,Noisia - Diplodocus (Noisia's 'Outer Edges' Remix).mp3,Remixes/Noisia - Diplodocus (Noisia's 'Outer Edges' Remix).mp3
2019,Matrix & Futurebound - Hindsight (M&F's Hybrid Jungle Mix).mp3,2019/Matrix & Futurebound - Hindsight (M&F's Hybrid Jungle Mix).mp3
2012,MaxNRG - Prometheus.mp3,2012/MaxNRG - Prometheus.mp3
2011,MaxNRG - Prometheus.mp3,2011/MaxNRG - Prometheus.mp3
2011,Deap Vally - End Of The World (Kove Remix).mp3,2011/Deap Vally - End Of The World (Kove Remix).mp3
2012,Deap Vally - End Of The World (Kove Remix).mp3,2012/Deap Vally - End Of The World (Kove Remix).mp3
Remixes,Deap Vally - End Of The World (Kove Remix).mp3,Remixes/Deap Vally - End Of The World (Kove Remix).mp3
2013,Sub Focus - Safe In Sound.mp3,2013/Sub Focus - Safe In Sound.mp3
2013,Rene LaVice - So Inspired To Fail.mp3,2013/Rene LaVice - So Inspired To Fail.mp3
2013,Wilkinson - Take You Higher.mp3,2013/Wilkinson - Take You Higher.mp3
2014,Detour City - Merlin (Everybody Knows).mp3,2014/Detour City - Merlin (Everybody Knows).mp3
2013,Lung - Open Palms (Ft. Phaeleh and Rachel K Collier).mp3,2013/Lung - Open Palms (Ft. Phaeleh and Rachel K Collier).mp3
2013,Mind Vortex - Arc.mp3,2013/Mind Vortex - Arc.mp3
2010,Genetic Bros - Uplifting.mp3,2010/Genetic Bros - Uplifting.mp3
Remixes,Oliverse ft. Elle Exxe - Unspoken (Muzzy & Oliverse Remix).mp3,Remixes/Oliverse ft. Elle Exxe - Unspoken (Muzzy & Oliverse Remix).mp3
2019,Oliverse ft. Elle Exxe - Unspoken (Muzzy & Oliverse Remix).mp3,2019/Oliverse ft. Elle Exxe - Unspoken (Muzzy & Oliverse Remix).mp3
2016,Loadstar - Lifeline.mp3,2016/Loadstar - Lifeline.mp3
2009,Sub Focus - Could This Be Real (Drum & Bass Remix).mp3,2009/Sub Focus - Could This Be Real (Drum & Bass Remix).mp3
Remixes,Sub Focus - Could This Be Real (Drum & Bass Remix).mp3,Remixes/Sub Focus - Could This Be Real (Drum & Bass Remix).mp3
2014,4AM - Wanted (Ft. Georgina Upton) (Chords Remix).mp3,2014/4AM - Wanted (Ft. Georgina Upton) (Chords Remix).mp3
2013,Practical & Veto - Stories.mp3,2013/Practical & Veto - Stories.mp3
2017,GLXY - Mind Less (ft. BLAKE).mp3,2017/GLXY - Mind Less (ft. BLAKE).mp3
2014,Concord Dawn - Moonlighting (Ft. Tali).mp3,2014/Concord Dawn - Moonlighting (Ft. Tali).mp3
2014,Joe Ford - The Moment (Ft. Tasha Baxter).mp3,2014/Joe Ford - The Moment (Ft. Tasha Baxter).mp3
2011,"AlunaGeorge - Your Drums, Your Love (The Prototypes Remix).mp3","2011/AlunaGeorge - Your Drums, Your Love (The Prototypes Remix).mp3"
2012,"AlunaGeorge - Your Drums, Your Love (The Prototypes Remix).mp3","2012/AlunaGeorge - Your Drums, Your Love (The Prototypes Remix).mp3"
Remixes,"AlunaGeorge - Your Drums, Your Love (The Prototypes Remix).mp3","Remixes/AlunaGeorge - Your Drums, Your Love (The Prototypes Remix).mp3"
Remixes,Above & Beyond (feat. Richard Bedford) - Thing Called Love (Nu_Tone Remix).mp3,Remixes/Above & Beyond (feat. Richard Bedford) - Thing Called Love (Nu_Tone Remix).mp3
2014,Mefjus - Suicide Bassline.mp3,2014/Mefjus - Suicide Bassline.mp3
Heavy,Mefjus - Suicide Bassline.mp3,Heavy/Mefjus - Suicide Bassline.mp3
Heavy,Mefjus - Hybrid.mp3,Heavy/Mefjus - Hybrid.mp3
2014,Mefjus - Hybrid.mp3,2014/Mefjus - Hybrid.mp3
2013,Trei & Thomas Oliver - Change Your Mind.mp3,2013/Trei & Thomas Oliver - Change Your Mind.mp3
2015,DJ Fresh & Adam F - Believer (Adam F & DJ Fresh BBK Edit).mp3,2015/DJ Fresh & Adam F - Believer (Adam F & DJ Fresh BBK Edit).mp3
Remixes,Russo - Bad Tonight (Shock One Remix).mp3,Remixes/Russo - Bad Tonight (Shock One Remix).mp3
2011,Lynx & Hellrazor - Passing Time.mp3,2011/Lynx & Hellrazor - Passing Time.mp3
2012,Lynx & Hellrazor - Passing Time.mp3,2012/Lynx & Hellrazor - Passing Time.mp3
2013,Ivy Lab - Afterthought (Ft. Frank Carter III).mp3,2013/Ivy Lab - Afterthought (Ft. Frank Carter III).mp3
Heavy,Emperor - Mind Games.mp3,Heavy/Emperor - Mind Games.mp3
2015,Emperor - Mind Games.mp3,2015/Emperor - Mind Games.mp3
2010,The Prototypes - Evolution (Feat. Darrison).mp3,2010/The Prototypes - Evolution (Feat. Darrison).mp3
2015,Rene LaVice - Don't Look Down (ft. BullySongs).mp3,2015/Rene LaVice - Don't Look Down (ft. BullySongs).mp3
2010,DJ Fresh & Sigma - Cylon.mp3,2010/DJ Fresh & Sigma - Cylon.mp3
2015,TC - Show Some Love (ft. Little Grace) (Radio Edit).mp3,2015/TC - Show Some Love (ft. Little Grace) (Radio Edit).mp3
2018,Sobo - Break My Heart.mp3,2018/Sobo - Break My Heart.mp3
2011,Andrew Bayer & Matt Lange - In Out Of Phase (Ft. Kerry Leva) (Calyx & TeeBee Remix).mp3,2011/Andrew Bayer & Matt Lange - In Out Of Phase (Ft. Kerry Leva) (Calyx & TeeBee Remix).mp3
2012,Andrew Bayer & Matt Lange - In Out Of Phase (Ft. Kerry Leva) (Calyx & TeeBee Remix).mp3,2012/Andrew Bayer & Matt Lange - In Out Of Phase (Ft. Kerry Leva) (Calyx & TeeBee Remix).mp3
Remixes,Andrew Bayer & Matt Lange - In Out Of Phase (Ft. Kerry Leva) (Calyx & TeeBee Remix).mp3,Remixes/Andrew Bayer & Matt Lange - In Out Of Phase (Ft. Kerry Leva) (Calyx & TeeBee Remix).mp3
2013,Mediks - Lights.mp3,2013/Mediks - Lights.mp3
2013,Keeno - Nocturne.mp3,2013/Keeno - Nocturne.mp3
2017,Brookes Brothers - Flashing Lights (ft. ShezAr & Bossman Birdie).mp3,2017/Brookes Brothers - Flashing Lights (ft. ShezAr & Bossman Birdie).mp3
2015,Sam Binga - Greatest Distance (ft. Romaine) (Ivy Lab Remix).mp3,2015/Sam Binga - Greatest Distance (ft. Romaine) (Ivy Lab Remix).mp3
Remixes,Sam Binga - Greatest Distance (ft. Romaine) (Ivy Lab Remix).mp3,Remixes/Sam Binga - Greatest Distance (ft. Romaine) (Ivy Lab Remix).mp3
2019,Macky Gee - Games.mp3,2019/Macky Gee - Games.mp3
2019,Matrix & Futurebound - Got You There (ft. Zelah).mp3,2019/Matrix & Futurebound - Got You There (ft. Zelah).mp3
2015,"Maduk - Not Alone (ft. Duckfront, MVE and Frae).mp3","2015/Maduk - Not Alone (ft. Duckfront, MVE and Frae).mp3"
Heavy,"Noisia, Mefjus & Hybris - Reptilians.mp3","Heavy/Noisia, Mefjus & Hybris - Reptilians.mp3"
2011,Delta Heavy - End of Days.mp3,2011/Delta Heavy - End of Days.mp3
2012,Delta Heavy - End of Days.mp3,2012/Delta Heavy - End of Days.mp3
2019,Matrix & Futurebound - This Time (ft. James Walsh).mp3,2019/Matrix & Futurebound - This Time (ft. James Walsh).mp3
Heavy,Muzzy - Photons.mp3,Heavy/Muzzy - Photons.mp3
2018,Muzzy - Photons.mp3,2018/Muzzy - Photons.mp3
2015,NCT - Freedom (ft. Charlotte Haining).mp3,2015/NCT - Freedom (ft. Charlotte Haining).mp3
2011,Loadstar - Passenger.mp3,2011/Loadstar - Passenger.mp3
2012,Loadstar - Passenger.mp3,2012/Loadstar - Passenger.mp3
2011,Wilkinson - Automatic.mp3,2011/Wilkinson - Automatic.mp3
2012,Wilkinson - Automatic.mp3,2012/Wilkinson - Automatic.mp3
2016,Mefjus - Continuous VIP.mp3,2016/Mefjus - Continuous VIP.mp3
Heavy,Mefjus - Continuous VIP.mp3,Heavy/Mefjus - Continuous VIP.mp3
2017,DC Breaks - Everybody.mp3,2017/DC Breaks - Everybody.mp3
2014,Jess Glynne - Right Here (TC Remix).mp3,2014/Jess Glynne - Right Here (TC Remix).mp3
Remixes,Jess Glynne - Right Here (TC Remix).mp3,Remixes/Jess Glynne - Right Here (TC Remix).mp3
2010,EZ Rollers - Crowd Rocker (Savage Rehab Remix).mp3,2010/EZ Rollers - Crowd Rocker (Savage Rehab Remix).mp3
Remixes,EZ Rollers - Crowd Rocker (Savage Rehab Remix).mp3,Remixes/EZ Rollers - Crowd Rocker (Savage Rehab Remix).mp3
2011,Mark Knight - Nothing Matters (Ft. Skin) (Noisia Remix).mp3,2011/Mark Knight - Nothing Matters (Ft. Skin) (Noisia Remix).mp3
2012,Mark Knight - Nothing Matters (Ft. Skin) (Noisia Remix).mp3,2012/Mark Knight - Nothing Matters (Ft. Skin) (Noisia Remix).mp3
Remixes,Mark Knight - Nothing Matters (Ft. Skin) (Noisia Remix).mp3,Remixes/Mark Knight - Nothing Matters (Ft. Skin) (Noisia Remix).mp3
2014,Friction - Scatter (Ft. Total Science).mp3,2014/Friction - Scatter (Ft. Total Science).mp3
2010,Sub Focus - Splash (Feat. Coco).mp3,2010/Sub Focus - Splash (Feat. Coco).mp3
2019,Murdock - Holding On (ft. James Marvel).mp3,2019/Murdock - Holding On (ft. James Marvel).mp3
2014,Fourward - Countdown (Ft. Kyza).mp3,2014/Fourward - Countdown (Ft. Kyza).mp3
2019,Bring Me The Horizon - Mother Tongue (Sub Focus Remix).mp3,2019/Bring Me The Horizon - Mother Tongue (Sub Focus Remix).mp3
Remixes,Bring Me The Horizon - Mother Tongue (Sub Focus Remix).mp3,Remixes/Bring Me The Horizon - Mother Tongue (Sub Focus Remix).mp3
2010,DJ Fresh & Sigma - Lassitude.mp3,2010/DJ Fresh & Sigma - Lassitude.mp3
2013,The Prototypes - Abyss VIP.mp3,2013/The Prototypes - Abyss VIP.mp3
2015,Enei & Mefjus - Dead Space.mp3,2015/Enei & Mefjus - Dead Space.mp3
Heavy,Enei & Mefjus - Dead Space.mp3,Heavy/Enei & Mefjus - Dead Space.mp3
2013,Camo & Krooked - Move Around (Ft. Ian Shaw).mp3,2013/Camo & Krooked - Move Around (Ft. Ian Shaw).mp3
2013,Sub Focus - Endorphins (Ft. Alex Clare) (Sub Focus vs Fred V & Grafix Remix).mp3,2013/Sub Focus - Endorphins (Ft. Alex Clare) (Sub Focus vs Fred V & Grafix Remix).mp3
Remixes,Sub Focus - Endorphins (Ft. Alex Clare) (Sub Focus vs Fred V & Grafix Remix).mp3,Remixes/Sub Focus - Endorphins (Ft. Alex Clare) (Sub Focus vs Fred V & Grafix Remix).mp3
Heavy,Billain - Macula.mp3,Heavy/Billain - Macula.mp3
2014,Billain - Macula.mp3,2014/Billain - Macula.mp3
2014,Hybrid Minds - New Orleans (Ft. Holly Drummond) (BCee Remix).mp3,2014/Hybrid Minds - New Orleans (Ft. Holly Drummond) (BCee Remix).mp3
2014,Le Youth - Feel Your Love (Ft. Javeon) (Brookes Brothers Remix).mp3,2014/Le Youth - Feel Your Love (Ft. Javeon) (Brookes Brothers Remix).mp3
Remixes,Le Youth - Feel Your Love (Ft. Javeon) (Brookes Brothers Remix).mp3,Remixes/Le Youth - Feel Your Love (Ft. Javeon) (Brookes Brothers Remix).mp3
2012,Technimatic - Turner Road.mp3,2012/Technimatic - Turner Road.mp3
2011,Technimatic - Turner Road.mp3,2011/Technimatic - Turner Road.mp3
Heavy,Doctrine - Airlock.mp3,Heavy/Doctrine - Airlock.mp3
2015,Doctrine - Airlock.mp3,2015/Doctrine - Airlock.mp3
Heavy,Bad Company UK - Tetris.mp3,Heavy/Bad Company UK - Tetris.mp3
2017,Bad Company UK - Tetris.mp3,2017/Bad Company UK - Tetris.mp3
2013,Maduk - Don't Be Afraid.mp3,2013/Maduk - Don't Be Afraid.mp3
2015,Dr Meaker - Freaks (ft. Cappo D & Sharlene Hector).mp3,2015/Dr Meaker - Freaks (ft. Cappo D & Sharlene Hector).mp3
Heavy,Sigma - Dilemma (Rinseout Edit).mp3,Heavy/Sigma - Dilemma (Rinseout Edit).mp3
2019,Sigma - Dilemma (Rinseout Edit).mp3,2019/Sigma - Dilemma (Rinseout Edit).mp3
2017,Kove - Ain't No Love.mp3,2017/Kove - Ain't No Love.mp3
2015,Mediks - Original Selecta (Bristol City Hack Music Video).mp3,2015/Mediks - Original Selecta (Bristol City Hack Music Video).mp3
2016,Sub Zero & Dub Motion - Oh Girl.mp3,2016/Sub Zero & Dub Motion - Oh Girl.mp3
2011,Grifta - Late As It Seems (Ft. I-Kay).mp3,2011/Grifta - Late As It Seems (Ft. I-Kay).mp3
2012,Grifta - Late As It Seems (Ft. I-Kay).mp3,2012/Grifta - Late As It Seems (Ft. I-Kay).mp3
2013,Friction - Long Gone Memory (Ft. Arlissa) (Music Video).mp3,2013/Friction - Long Gone Memory (Ft. Arlissa) (Music Video).mp3
2015,June Miller - We Are Not Human (ft. Hannah Lux).mp3,2015/June Miller - We Are Not Human (ft. Hannah Lux).mp3
2019,Wilkinson - All For You (ft. Karen Harding).mp3,2019/Wilkinson - All For You (ft. Karen Harding).mp3
2014,Netsky - Running Low (Ft. Beth Ditto).mp3,2014/Netsky - Running Low (Ft. Beth Ditto).mp3
2017,Hillsdom - Lucid Dreams (ft. Novokane).mp3,2017/Hillsdom - Lucid Dreams (ft. Novokane).mp3
2017,1991 - Dun Kno.mp3,2017/1991 - Dun Kno.mp3
2016,Spor - Mind Of An Insomniac (ft. Icicle & Linguistics).mp3,2016/Spor - Mind Of An Insomniac (ft. Icicle & Linguistics).mp3
2012,Jupiter Ace - Glowing In The Dark (Ft. Geneva Lane) (DC Breaks Remix).mp3,2012/Jupiter Ace - Glowing In The Dark (Ft. Geneva Lane) (DC Breaks Remix).mp3
2011,Jupiter Ace - Glowing In The Dark (Ft. Geneva Lane) (DC Breaks Remix).mp3,2011/Jupiter Ace - Glowing In The Dark (Ft. Geneva Lane) (DC Breaks Remix).mp3
Remixes,Jupiter Ace - Glowing In The Dark (Ft. Geneva Lane) (DC Breaks Remix).mp3,Remixes/Jupiter Ace - Glowing In The Dark (Ft. Geneva Lane) (DC Breaks Remix).mp3
2011,Major Look - Hush Ya Gums.mp3,2011/Major Look - Hush Ya Gums.mp3
2012,Major Look - Hush Ya Gums.mp3,2012/Major Look - Hush Ya Gums.mp3
Remixes,Original Sin & Taxman - Seen (Remix).mp3,Remixes/Original Sin & Taxman - Seen (Remix).mp3
2018,Original Sin & Taxman - Seen (Remix).mp3,2018/Original Sin & Taxman - Seen (Remix).mp3
2015,S9 - Retrospect (Instrumental).mp3,2015/S9 - Retrospect (Instrumental).mp3
Heavy,InsideInfo - Airwaves (ft. Rhymestar).mp3,Heavy/InsideInfo - Airwaves (ft. Rhymestar).mp3
2019,InsideInfo - Airwaves (ft. Rhymestar).mp3,2019/InsideInfo - Airwaves (ft. Rhymestar).mp3
2013,Loadstar - Refuse To Love.mp3,2013/Loadstar - Refuse To Love.mp3
2016,1991 - Witchdoctor.mp3,2016/1991 - Witchdoctor.mp3
Heavy,Reso - Move It.mp3,Heavy/Reso - Move It.mp3
2015,Reso - Move It.mp3,2015/Reso - Move It.mp3
2013,Hybrid Minds - Trauma (Ft. Rocky Nti).mp3,2013/Hybrid Minds - Trauma (Ft. Rocky Nti).mp3
Heavy,Noisia & The Upbeats - Mouthbreather.mp3,Heavy/Noisia & The Upbeats - Mouthbreather.mp3
2015,Noisia & The Upbeats - Mouthbreather.mp3,2015/Noisia & The Upbeats - Mouthbreather.mp3
2012,Smooth - Virgo Cluster.mp3,2012/Smooth - Virgo Cluster.mp3
2011,Smooth - Virgo Cluster.mp3,2011/Smooth - Virgo Cluster.mp3
2017,Friction & JP Cooper - Dancing.mp3,2017/Friction & JP Cooper - Dancing.mp3
2019,Brookes Brothers - In The Moment (ft. Amahla).mp3,2019/Brookes Brothers - In The Moment (ft. Amahla).mp3
2009,DJ Fresh - Talkbox.mp3,2009/DJ Fresh - Talkbox.mp3
2014,Crissy Criss - Create The Future.mp3,2014/Crissy Criss - Create The Future.mp3
2019,Chase & Status - Weed & Rum (ft. Masicka).mp3,2019/Chase & Status - Weed & Rum (ft. Masicka).mp3
2018,Edlan - Whatever You Said.mp3,2018/Edlan - Whatever You Said.mp3
2016,The Prototypes - Transmission.mp3,2016/The Prototypes - Transmission.mp3
2017,1991 - Kabuki.mp3,2017/1991 - Kabuki.mp3
2010,Unicorn Kid - Wild Life (Nu_Tone Remix).mp3,2010/Unicorn Kid - Wild Life (Nu_Tone Remix).mp3
Remixes,Unicorn Kid - Wild Life (Nu_Tone Remix).mp3,Remixes/Unicorn Kid - Wild Life (Nu_Tone Remix).mp3
2014,Murdock x Doctrine - Acid Howl (Rampage Anthem).mp3,2014/Murdock x Doctrine - Acid Howl (Rampage Anthem).mp3
2013,Ostbahnhof & Ugo Platana - Feel The Night (Koncept Remix).mp3,2013/Ostbahnhof & Ugo Platana - Feel The Night (Koncept Remix).mp3
Remixes,Ostbahnhof & Ugo Platana - Feel The Night (Koncept Remix).mp3,Remixes/Ostbahnhof & Ugo Platana - Feel The Night (Koncept Remix).mp3
2017,Hybrid Minds - Brighter Days (ft. Charlotte Haining).mp3,2017/Hybrid Minds - Brighter Days (ft. Charlotte Haining).mp3
2013,Seba - Nothing Can Replace.mp3,2013/Seba - Nothing Can Replace.mp3
2017,Friction - Running (ft. Raphaella).mp3,2017/Friction - Running (ft. Raphaella).mp3
2014,Fred V & Grafix - Forest Fires (Ft. Etherwood).mp3,2014/Fred V & Grafix - Forest Fires (Ft. Etherwood).mp3
2016,Sigma - Stay (Maduk Remix).mp3,2016/Sigma - Stay (Maduk Remix).mp3
Remixes,Sigma - Stay (Maduk Remix).mp3,Remixes/Sigma - Stay (Maduk Remix).mp3
Heavy,Konichi - Get It.mp3,Heavy/Konichi - Get It.mp3
2017,Konichi - Get It.mp3,2017/Konichi - Get It.mp3
2012,Concord Dawn - These Prison Walls (ft. Thomas Oliver).mp3,2012/Concord Dawn - These Prison Walls (ft. Thomas Oliver).mp3
2011,Concord Dawn - These Prison Walls (ft. Thomas Oliver).mp3,2011/Concord Dawn - These Prison Walls (ft. Thomas Oliver).mp3
2019,Killer Hertz - More (ft. Raphaella).mp3,2019/Killer Hertz - More (ft. Raphaella).mp3
2013,TC - Get Down Low (Music Video).mp3,2013/TC - Get Down Low (Music Video).mp3
2013,Brookes Brothers - Carry Me On (Ft. Chrom3).mp3,2013/Brookes Brothers - Carry Me On (Ft. Chrom3).mp3
2018,High Contrast - God Only Knows.mp3,2018/High Contrast - God Only Knows.mp3
Heavy,Hybris - Garbage Truck.mp3,Heavy/Hybris - Garbage Truck.mp3
2014,Hybris - Garbage Truck.mp3,2014/Hybris - Garbage Truck.mp3
Heavy,FuntCase & Teddy Killerz - You Must Comply.mp3,Heavy/FuntCase & Teddy Killerz - You Must Comply.mp3
2018,FuntCase & Teddy Killerz - You Must Comply.mp3,2018/FuntCase & Teddy Killerz - You Must Comply.mp3
2011,DC Breaks - Firez.mp3,2011/DC Breaks - Firez.mp3
2012,DC Breaks - Firez.mp3,2012/DC Breaks - Firez.mp3
2011,Mampi Swift - Gangster.mp3,2011/Mampi Swift - Gangster.mp3
2012,Mampi Swift - Gangster.mp3,2012/Mampi Swift - Gangster.mp3
2014,Oliver Heldens x Becky Hill - Gecko (Overdrive) (Matrix & Futurebound Remix).mp3,2014/Oliver Heldens x Becky Hill - Gecko (Overdrive) (Matrix & Futurebound Remix).mp3
Remixes,Oliver Heldens x Becky Hill - Gecko (Overdrive) (Matrix & Futurebound Remix).mp3,Remixes/Oliver Heldens x Becky Hill - Gecko (Overdrive) (Matrix & Futurebound Remix).mp3
2014,Maduk - Believe (Ft. Hebe Vrijhof).mp3,2014/Maduk - Believe (Ft. Hebe Vrijhof).mp3
2013,Maduk - Believe (Ft. Hebe Vrijhof).mp3,2013/Maduk - Believe (Ft. Hebe Vrijhof).mp3
2010,Mutated Forms & Netsky - Windows (Feat. Sofia Rubin).mp3,2010/Mutated Forms & Netsky - Windows (Feat. Sofia Rubin).mp3
2012,Friction - Led Astray.mp3,2012/Friction - Led Astray.mp3
2011,Friction - Led Astray.mp3,2011/Friction - Led Astray.mp3
Heavy,Mefjus & Camo & Krooked - Sidewinder.mp3,Heavy/Mefjus & Camo & Krooked - Sidewinder.mp3
2019,Mefjus & Camo & Krooked - Sidewinder.mp3,2019/Mefjus & Camo & Krooked - Sidewinder.mp3
Heavy,Phace - FMS.mp3,Heavy/Phace - FMS.mp3
2018,Phace - FMS.mp3,2018/Phace - FMS.mp3
2010,The Prototypes - Breathless.mp3,2010/The Prototypes - Breathless.mp3
2017,Dawn Wall - Holdin' On.mp3,2017/Dawn Wall - Holdin' On.mp3
2010,DJ Fresh - Gold Dust.mp3,2010/DJ Fresh - Gold Dust.mp3
2012,Matrix & Chords - Hypnotize.mp3,2012/Matrix & Chords - Hypnotize.mp3
2011,Matrix & Chords - Hypnotize.mp3,2011/Matrix & Chords - Hypnotize.mp3
2011,Mediks - By A Thread (Ft. Georgina Upton).mp3,2011/Mediks - By A Thread (Ft. Georgina Upton).mp3
2012,Mediks - By A Thread (Ft. Georgina Upton).mp3,2012/Mediks - By A Thread (Ft. Georgina Upton).mp3
Remixes,ARLE - Close To You (Pola & Bryson Remix).mp3,Remixes/ARLE - Close To You (Pola & Bryson Remix).mp3
2017,ARLE - Close To You (Pola & Bryson Remix).mp3,2017/ARLE - Close To You (Pola & Bryson Remix).mp3
2013,Emperor - She Said.mp3,2013/Emperor - She Said.mp3
Remixes,Fox Stevenson - Go Like (D&B Mix).mp3,Remixes/Fox Stevenson - Go Like (D&B Mix).mp3
2019,Fox Stevenson - Go Like (D&B Mix).mp3,2019/Fox Stevenson - Go Like (D&B Mix).mp3
2013,Total Science - See Your Face (Ft. Riya).mp3,2013/Total Science - See Your Face (Ft. Riya).mp3
2013,Netsky - Without You.mp3,2013/Netsky - Without You.mp3
2012,Metrik - Freefall (Ft. Reija Lee).mp3,2012/Metrik - Freefall (Ft. Reija Lee).mp3
2011,Metrik - Freefall (Ft. Reija Lee).mp3,2011/Metrik - Freefall (Ft. Reija Lee).mp3
2013,Mat Zo & Porter Robinson - Easy (Andy C Remix).mp3,2013/Mat Zo & Porter Robinson - Easy (Andy C Remix).mp3
Remixes,Mat Zo & Porter Robinson - Easy (Andy C Remix).mp3,Remixes/Mat Zo & Porter Robinson - Easy (Andy C Remix).mp3
2014,Jack Ü - Take Ü There (Ft. Kiesza) (Netsky Remix).mp3,2014/Jack Ü - Take Ü There (Ft. Kiesza) (Netsky Remix).mp3
Remixes,Jack Ü - Take Ü There (Ft. Kiesza) (Netsky Remix).mp3,Remixes/Jack Ü - Take Ü There (Ft. Kiesza) (Netsky Remix).mp3
Heavy,Phace - Basic Memory (Mefjus Remix).mp3,Heavy/Phace - Basic Memory (Mefjus Remix).mp3
Remixes,Phace - Basic Memory (Mefjus Remix).mp3,Remixes/Phace - Basic Memory (Mefjus Remix).mp3
2019,Phace - Basic Memory (Mefjus Remix).mp3,2019/Phace - Basic Memory (Mefjus Remix).mp3
2017,1991 - Heartstrings (ft. July Jones).mp3,2017/1991 - Heartstrings (ft. July Jones).mp3
2017,The Prototypes - Levelz (ft. Mad Hed City).mp3,2017/The Prototypes - Levelz (ft. Mad Hed City).mp3
Heavy,Silent Witness - Being Human.mp3,Heavy/Silent Witness - Being Human.mp3
2014,Silent Witness - Being Human.mp3,2014/Silent Witness - Being Human.mp3
2017,Changing Faces - Emptiness.mp3,2017/Changing Faces - Emptiness.mp3
2015,Noisia - Banshee.mp3,2015/Noisia - Banshee.mp3
Heavy,Noisia - Banshee.mp3,Heavy/Noisia - Banshee.mp3
Heavy,Mampi Swift - The One (InsideInfo Remix).mp3,Heavy/Mampi Swift - The One (InsideInfo Remix).mp3
Remixes,Mampi Swift - The One (InsideInfo Remix).mp3,Remixes/Mampi Swift - The One (InsideInfo Remix).mp3
2018,Mampi Swift - The One (InsideInfo Remix).mp3,2018/Mampi Swift - The One (InsideInfo Remix).mp3
2013,Camo & Krooked - Feel Your Pulse (Mind Vortex Remix).mp3,2013/Camo & Krooked - Feel Your Pulse (Mind Vortex Remix).mp3
Remixes,Camo & Krooked - Feel Your Pulse (Mind Vortex Remix).mp3,Remixes/Camo & Krooked - Feel Your Pulse (Mind Vortex Remix).mp3
2015,Anile - Stay With Me.mp3,2015/Anile - Stay With Me.mp3
2014,Ed Rush - Scarabs.mp3,2014/Ed Rush - Scarabs.mp3
Heavy,Ed Rush - Scarabs.mp3,Heavy/Ed Rush - Scarabs.mp3
2013,The Prototypes - Rage Within (Ft. Takura).mp3,2013/The Prototypes - Rage Within (Ft. Takura).mp3
2013,Blu Mar Ten - Somewhere (Ft. Agné Genyté).mp3,2013/Blu Mar Ten - Somewhere (Ft. Agné Genyté).mp3
2016,Murdock & Doctrine - Arena (Rampage Anthem 2016).mp3,2016/Murdock & Doctrine - Arena (Rampage Anthem 2016).mp3
2018,Shy FX - Call Me (ft. Maverick Sabre).mp3,2018/Shy FX - Call Me (ft. Maverick Sabre).mp3
2015,T & Sugah - Higher.mp3,2015/T & Sugah - Higher.mp3
2013,Rollz - Burn Up (Ft. Katie's Ambition) (Music Video).mp3,2013/Rollz - Burn Up (Ft. Katie's Ambition) (Music Video).mp3
2015,Memtrix & Spor - Darkest Hours.mp3,2015/Memtrix & Spor - Darkest Hours.mp3
2013,Kathy Brown & AI - Somebody To Love (Music Video).mp3,2013/Kathy Brown & AI - Somebody To Love (Music Video).mp3
2012,Matrix & Futurebound - All I Know (Ft. Luke Bingham).mp3,2012/Matrix & Futurebound - All I Know (Ft. Luke Bingham).mp3
2011,Matrix & Futurebound - All I Know (Ft. Luke Bingham).mp3,2011/Matrix & Futurebound - All I Know (Ft. Luke Bingham).mp3
2015,Format_B - Chunky (The Prototypes Remix).mp3,2015/Format_B - Chunky (The Prototypes Remix).mp3
Heavy,Format_B - Chunky (The Prototypes Remix).mp3,Heavy/Format_B - Chunky (The Prototypes Remix).mp3
Remixes,Format_B - Chunky (The Prototypes Remix).mp3,Remixes/Format_B - Chunky (The Prototypes Remix).mp3
Remixes,Fox Stevenson - Bruises (Macky Gee Remix).mp3,Remixes/Fox Stevenson - Bruises (Macky Gee Remix).mp3
2019,Fox Stevenson - Bruises (Macky Gee Remix).mp3,2019/Fox Stevenson - Bruises (Macky Gee Remix).mp3
2013,Chords - In Lightspeed.mp3,2013/Chords - In Lightspeed.mp3
2014,Sam Smith - Stay With Me (Shy FX Remix).mp3,2014/Sam Smith - Stay With Me (Shy FX Remix).mp3
Remixes,Sam Smith - Stay With Me (Shy FX Remix).mp3,Remixes/Sam Smith - Stay With Me (Shy FX Remix).mp3
Heavy,MUST DIE! - Hellcat (Annix Remix).mp3,Heavy/MUST DIE! - Hellcat (Annix Remix).mp3
2014,MUST DIE! - Hellcat (Annix Remix).mp3,2014/MUST DIE! - Hellcat (Annix Remix).mp3
Remixes,MUST DIE! - Hellcat (Annix Remix).mp3,Remixes/MUST DIE! - Hellcat (Annix Remix).mp3
2012,Emalkay - Flesh & Bone (Ft. Rod Azlan) (Delta Heavy Remix).mp3,2012/Emalkay - Flesh & Bone (Ft. Rod Azlan) (Delta Heavy Remix).mp3
2011,Emalkay - Flesh & Bone (Ft. Rod Azlan) (Delta Heavy Remix).mp3,2011/Emalkay - Flesh & Bone (Ft. Rod Azlan) (Delta Heavy Remix).mp3
Heavy,Noisia - Running Blind.mp3,Heavy/Noisia - Running Blind.mp3
Remixes,Emalkay - Flesh & Bone (Ft. Rod Azlan) (Delta Heavy Remix).mp3,Remixes/Emalkay - Flesh & Bone (Ft. Rod Azlan) (Delta Heavy Remix).mp3
2014,Noisia - Running Blind.mp3,2014/Noisia - Running Blind.mp3
2011,Metrik - Engine Room.mp3,2011/Metrik - Engine Room.mp3
2012,Metrik - Engine Room.mp3,2012/Metrik - Engine Room.mp3
2010,Friction vs Camo & Krooked - Stand Up ft. Dynamite MC.mp3,2010/Friction vs Camo & Krooked - Stand Up ft. Dynamite MC.mp3
2009,Netsky - Tomorrow's Another Day (VIP).mp3,2009/Netsky - Tomorrow's Another Day (VIP).mp3
2017,Chris Lake - I Want You (1991 Remix).mp3,2017/Chris Lake - I Want You (1991 Remix).mp3
Remixes,Chris Lake - I Want You (1991 Remix).mp3,Remixes/Chris Lake - I Want You (1991 Remix).mp3
2010,Rollz - Solid State.mp3,2010/Rollz - Solid State.mp3
2014,Noisia & The Upbeats - Little Fling.mp3,2014/Noisia & The Upbeats - Little Fling.mp3
2015,Rene LaVice - The Calling (Ft. Ivy Mairi).mp3,2015/Rene LaVice - The Calling (Ft. Ivy Mairi).mp3
Heavy,The Prototypes - Moscow.mp3,Heavy/The Prototypes - Moscow.mp3
2014,The Prototypes - Moscow.mp3,2014/The Prototypes - Moscow.mp3
2016,Drumsound & Bassline Smith ft. Conor Maynard - Catch Me Here.mp3,2016/Drumsound & Bassline Smith ft. Conor Maynard - Catch Me Here.mp3
2012,Hashtag - Language Barrier.mp3,2012/Hashtag - Language Barrier.mp3
2011,Hashtag - Language Barrier.mp3,2011/Hashtag - Language Barrier.mp3
2009,Chase & Status ft. Plan B - End Credits (VIP).mp3,2009/Chase & Status ft. Plan B - End Credits (VIP).mp3
2012,Body & Soul and Fourward - Authority VIP.mp3,2012/Body & Soul and Fourward - Authority VIP.mp3
2011,Body & Soul and Fourward - Authority VIP.mp3,2011/Body & Soul and Fourward - Authority VIP.mp3
2013,High Contrast - Spectrum Analyser.mp3,2013/High Contrast - Spectrum Analyser.mp3
2013,ShockOne - Lazerbeam (Ft. Metrik & Kyza).mp3,2013/ShockOne - Lazerbeam (Ft. Metrik & Kyza).mp3
2013,Liz-E - The Last Time.mp3,2013/Liz-E - The Last Time.mp3
2013,Vandera - Anandamide.mp3,2013/Vandera - Anandamide.mp3
Heavy,Momoiro Clover Z - Lost Child (Noisia Remix).mp3,Heavy/Momoiro Clover Z - Lost Child (Noisia Remix).mp3
2014,Momoiro Clover Z - Lost Child (Noisia Remix).mp3,2014/Momoiro Clover Z - Lost Child (Noisia Remix).mp3
Remixes,Momoiro Clover Z - Lost Child (Noisia Remix).mp3,Remixes/Momoiro Clover Z - Lost Child (Noisia Remix).mp3
Heavy,Culprate - Subsonics.mp3,Heavy/Culprate - Subsonics.mp3
2018,Culprate - Subsonics.mp3,2018/Culprate - Subsonics.mp3
Remixes,Netsky - Running Low (Ft. Beth Ditto) (Fred V & Grafix Remix).mp3,Remixes/Netsky - Running Low (Ft. Beth Ditto) (Fred V & Grafix Remix).mp3
2011,Hybrid Minds - Fade (Ft. Katie's Ambition).mp3,2011/Hybrid Minds - Fade (Ft. Katie's Ambition).mp3
2012,Hybrid Minds - Fade (Ft. Katie's Ambition).mp3,2012/Hybrid Minds - Fade (Ft. Katie's Ambition).mp3
2012,Hybrid Minds - Lost.mp3,2012/Hybrid Minds - Lost.mp3
2011,Hybrid Minds - Lost.mp3,2011/Hybrid Minds - Lost.mp3
2014,Ivy Lab - Live On Your Smile.mp3,2014/Ivy Lab - Live On Your Smile.mp3
2014,Ulterior Motive - Tape Pack.mp3,2014/Ulterior Motive - Tape Pack.mp3
2009,Tony Anthem & erb N dub - Move Down.mp3,2009/Tony Anthem & erb N dub - Move Down.mp3
2018,Matrix & Futurebound - Believe.mp3,2018/Matrix & Futurebound - Believe.mp3
2014,Nu_Tone - Tides (Ft. Lea Lea).mp3,2014/Nu_Tone - Tides (Ft. Lea Lea).mp3
2018,Trei & Tali - Rebels.mp3,2018/Trei & Tali - Rebels.mp3
2014,Mefjus & InsideInfo - Repentance.mp3,2014/Mefjus & InsideInfo - Repentance.mp3
2015,Cartoon - Why We Lose (ft. Coleman Trapp).mp3,2015/Cartoon - Why We Lose (ft. Coleman Trapp).mp3
2016,ShockOne - In This Light (ft. Savoi).mp3,2016/ShockOne - In This Light (ft. Savoi).mp3
2010,DisasZt & Shimon - Rumours (feat. MC Coppa).mp3,2010/DisasZt & Shimon - Rumours (feat. MC Coppa).mp3
2016,Cartoon - Feeling (Piece Of You).mp3,2016/Cartoon - Feeling (Piece Of You).mp3
2010,Metrik - The Arrival (feat. Jan burton).mp3,2010/Metrik - The Arrival (feat. Jan burton).mp3
2014,The Prototypes - Don't Let Me Go (Ft. Amy Pearson).mp3,2014/The Prototypes - Don't Let Me Go (Ft. Amy Pearson).mp3
Heavy,Barely Alive ft. Mad Hed City - Warrior (The Prototypes Remix).mp3,Heavy/Barely Alive ft. Mad Hed City - Warrior (The Prototypes Remix).mp3
Remixes,Barely Alive ft. Mad Hed City - Warrior (The Prototypes Remix).mp3,Remixes/Barely Alive ft. Mad Hed City - Warrior (The Prototypes Remix).mp3
2019,Barely Alive ft. Mad Hed City - Warrior (The Prototypes Remix).mp3,2019/Barely Alive ft. Mad Hed City - Warrior (The Prototypes Remix).mp3
2013,The Upbeats - Diffused.mp3,2013/The Upbeats - Diffused.mp3
2013,Artificial Intelligence & Command Strange - Won't Say Goodbye (Ft. Tali).mp3,2013/Artificial Intelligence & Command Strange - Won't Say Goodbye (Ft. Tali).mp3
2012,Matrix & Futurebound - Magnetic Eyes (Ft. Baby Blue).mp3,2012/Matrix & Futurebound - Magnetic Eyes (Ft. Baby Blue).mp3
2011,Matrix & Futurebound - Magnetic Eyes (Ft. Baby Blue).mp3,2011/Matrix & Futurebound - Magnetic Eyes (Ft. Baby Blue).mp3
2016,Calyx & TeeBee - Takes One To Know One.mp3,2016/Calyx & TeeBee - Takes One To Know One.mp3
2013,Nu_Logic - Morning Light.mp3,2013/Nu_Logic - Morning Light.mp3
2010,KG - Feel The Beat.mp3,2010/KG - Feel The Beat.mp3
Heavy,N3GUS - One Man Army (Ft. Jakes).mp3,Heavy/N3GUS - One Man Army (Ft. Jakes).mp3
2014,N3GUS - One Man Army (Ft. Jakes).mp3,2014/N3GUS - One Man Army (Ft. Jakes).mp3
2013,Cyantific - Ice Cream.mp3,2013/Cyantific - Ice Cream.mp3
2013,Telekinesis - Pocket Full Of Drops (Ft. Coppa).mp3,2013/Telekinesis - Pocket Full Of Drops (Ft. Coppa).mp3
2013,BCee - Our Time.mp3,2013/BCee - Our Time.mp3
2013,Camo & Krooked - All Night.mp3,2013/Camo & Krooked - All Night.mp3
Remixes,Flux Pavilion - Pull The Trigger (Maduk Remix).mp3,Remixes/Flux Pavilion - Pull The Trigger (Maduk Remix).mp3
2018,Flux Pavilion - Pull The Trigger (Maduk Remix).mp3,2018/Flux Pavilion - Pull The Trigger (Maduk Remix).mp3
2019,Bou - Spook.mp3,2019/Bou - Spook.mp3
2015,TC - Rep (ft. Jakes).mp3,2015/TC - Rep (ft. Jakes).mp3
Heavy,TC - Rep (ft. Jakes).mp3,Heavy/TC - Rep (ft. Jakes).mp3
2015,Swindle - Elevator (ft. TC).mp3,2015/Swindle - Elevator (ft. TC).mp3
2014,Fred V & Grafix - 3D Glasses.mp3,2014/Fred V & Grafix - 3D Glasses.mp3
2019,Tom Walker - Just You And I (Hybrid Minds Remix).mp3,2019/Tom Walker - Just You And I (Hybrid Minds Remix).mp3
Remixes,Tom Walker - Just You And I (Hybrid Minds Remix).mp3,Remixes/Tom Walker - Just You And I (Hybrid Minds Remix).mp3
2012,Labrinth - Beneath Your Beautiful (Ft. Emeli Sandé) (Rollz Remix).mp3,2012/Labrinth - Beneath Your Beautiful (Ft. Emeli Sandé) (Rollz Remix).mp3
2011,Labrinth - Beneath Your Beautiful (Ft. Emeli Sandé) (Rollz Remix).mp3,2011/Labrinth - Beneath Your Beautiful (Ft. Emeli Sandé) (Rollz Remix).mp3
Remixes,Labrinth - Beneath Your Beautiful (Ft. Emeli Sandé) (Rollz Remix).mp3,Remixes/Labrinth - Beneath Your Beautiful (Ft. Emeli Sandé) (Rollz Remix).mp3
2015,A-Trak - Push (Rene LaVice Remix).mp3,2015/A-Trak - Push (Rene LaVice Remix).mp3
Remixes,A-Trak - Push (Rene LaVice Remix).mp3,Remixes/A-Trak - Push (Rene LaVice Remix).mp3
Heavy,Histibe - Third Millennium.mp3,Heavy/Histibe - Third Millennium.mp3
2014,Histibe - Third Millennium.mp3,2014/Histibe - Third Millennium.mp3
2015,London Elektricity - Artificial Skin (feat. Keeno & Emer Dineen).mp3,2015/London Elektricity - Artificial Skin (feat. Keeno & Emer Dineen).mp3
2014,Noisia - Oh Oh.mp3,2014/Noisia - Oh Oh.mp3
Heavy,Noisia - Oh Oh.mp3,Heavy/Noisia - Oh Oh.mp3
2014,Noisia & Prolix - Asteroids.mp3,2014/Noisia & Prolix - Asteroids.mp3
Heavy,Noisia & Prolix - Asteroids.mp3,Heavy/Noisia & Prolix - Asteroids.mp3
2010,Zeds Dead & Omar LinX - Wake Up.mp3,2010/Zeds Dead & Omar LinX - Wake Up.mp3
2017,Dimension - Black Church.mp3,2017/Dimension - Black Church.mp3
2013,Ad-Apt - Need Your Love (Cyantific Remix).mp3,2013/Ad-Apt - Need Your Love (Cyantific Remix).mp3
Remixes,Ad-Apt - Need Your Love (Cyantific Remix).mp3,Remixes/Ad-Apt - Need Your Love (Cyantific Remix).mp3
Remixes,Super8 & Tab (Ft. Alyna) - Perfect Day (MRSA Remix).mp3,Remixes/Super8 & Tab (Ft. Alyna) - Perfect Day (MRSA Remix).mp3
Remixes,Chace & Moksi - For A Day (BMotion vs. Dossa & Locuzzed Remix).mp3,Remixes/Chace & Moksi - For A Day (BMotion vs. Dossa & Locuzzed Remix).mp3
2017,Chace & Moksi - For A Day (BMotion vs. Dossa & Locuzzed Remix).mp3,2017/Chace & Moksi - For A Day (BMotion vs. Dossa & Locuzzed Remix).mp3
2014,Icicle - Problem (Ft. Skittles).mp3,2014/Icicle - Problem (Ft. Skittles).mp3
Remixes,UK Apache with Shy FX - Original Nuttah 25 (Chase & Status Remix ft. Irah).mp3,Remixes/UK Apache with Shy FX - Original Nuttah 25 (Chase & Status Remix ft. Irah).mp3
2019,UK Apache with Shy FX - Original Nuttah 25 (Chase & Status Remix ft. Irah).mp3,2019/UK Apache with Shy FX - Original Nuttah 25 (Chase & Status Remix ft. Irah).mp3
2019,Blaine Stranger - Tension.mp3,2019/Blaine Stranger - Tension.mp3
2011,Fred V & Grafix - Just A Thought (Ft. Reija Lee).mp3,2011/Fred V & Grafix - Just A Thought (Ft. Reija Lee).mp3
2012,Fred V & Grafix - Just A Thought (Ft. Reija Lee).mp3,2012/Fred V & Grafix - Just A Thought (Ft. Reija Lee).mp3
2016,1991 - Bad.mp3,2016/1991 - Bad.mp3
2012,Chords - Video Soul.mp3,2012/Chords - Video Soul.mp3
2011,Chords - Video Soul.mp3,2011/Chords - Video Soul.mp3
2015,Koven - Get This Right.mp3,2015/Koven - Get This Right.mp3
2018,Fox Stevenson - Bruises.mp3,2018/Fox Stevenson - Bruises.mp3
2015,Friction - Freak (ft. Josh Barry).mp3,2015/Friction - Freak (ft. Josh Barry).mp3
2018,Fox Stevenson - Take You Down.mp3,2018/Fox Stevenson - Take You Down.mp3
2011,Concord Dawn - The River (Ft. Nina McSweeney).mp3,2011/Concord Dawn - The River (Ft. Nina McSweeney).mp3
2012,Concord Dawn - The River (Ft. Nina McSweeney).mp3,2012/Concord Dawn - The River (Ft. Nina McSweeney).mp3
2014,Delta Heavy - Reborn.mp3,2014/Delta Heavy - Reborn.mp3
2017,Pola & Bryson - Unsaid (ft. BLAKE).mp3,2017/Pola & Bryson - Unsaid (ft. BLAKE).mp3
2017,Changing Faces - In The Woods.mp3,2017/Changing Faces - In The Woods.mp3
2012,Hybrid Minds - Blame.mp3,2012/Hybrid Minds - Blame.mp3
2011,Hybrid Minds - Blame.mp3,2011/Hybrid Minds - Blame.mp3
Heavy,Malux - Rubix.mp3,Heavy/Malux - Rubix.mp3
2016,Malux - Rubix.mp3,2016/Malux - Rubix.mp3
2017,Delta Heavy - Nobody But You (ft. Jem Cooke).mp3,2017/Delta Heavy - Nobody But You (ft. Jem Cooke).mp3
2013,Kove - Searching.mp3,2013/Kove - Searching.mp3
2014,Technimatic - Like A Memory (Ft. Pat Fulgoni).mp3,2014/Technimatic - Like A Memory (Ft. Pat Fulgoni).mp3
2017,Rene LaVice - Let You Go (ft. Jareth).mp3,2017/Rene LaVice - Let You Go (ft. Jareth).mp3
2014,S.P.Y. - Cold Harsh Air (Ft. Total Science & Grimm).mp3,2014/S.P.Y. - Cold Harsh Air (Ft. Total Science & Grimm).mp3
Heavy,Noisia - The Hole Pt. 1.mp3,Heavy/Noisia - The Hole Pt. 1.mp3
2019,Noisia - The Hole Pt. 1.mp3,2019/Noisia - The Hole Pt. 1.mp3
2019,Hybrid Minds ft. Charlotte Haining - Higher Love.mp3,2019/Hybrid Minds ft. Charlotte Haining - Higher Love.mp3
Remixes,Feed Me & Crystal Fighters - Love Is All I Got (Friction Remix).mp3,Remixes/Feed Me & Crystal Fighters - Love Is All I Got (Friction Remix).mp3
2013,Wilkinson - Afterglow.mp3,2013/Wilkinson - Afterglow.mp3
2011,L Plus - Amazing.mp3,2011/L Plus - Amazing.mp3
2012,L Plus - Amazing.mp3,2012/L Plus - Amazing.mp3
2009,Crissy Criss Feat. Youngman - Take You Higher.mp3,2009/Crissy Criss Feat. Youngman - Take You Higher.mp3
2018,"Macky Gee, DJ Phantasy & DJ Fresh - Civilization.mp3","2018/Macky Gee, DJ Phantasy & DJ Fresh - Civilization.mp3"
2014,Six Blade & A.M.C - Strangers.mp3,2014/Six Blade & A.M.C - Strangers.mp3
2017,Koven - Figure.mp3,2017/Koven - Figure.mp3
2016,Philip George & Dragonette - Feel This Way (Fred V & Grafix Remix).mp3,2016/Philip George & Dragonette - Feel This Way (Fred V & Grafix Remix).mp3
Remixes,Philip George & Dragonette - Feel This Way (Fred V & Grafix Remix).mp3,Remixes/Philip George & Dragonette - Feel This Way (Fred V & Grafix Remix).mp3
2018,Distress Signal - Earthquake.mp3,2018/Distress Signal - Earthquake.mp3
2013,Midnight Conspiracy - Conquest (Ft. Maksim).mp3,2013/Midnight Conspiracy - Conquest (Ft. Maksim).mp3
2013,Technimatic - Not Far To Go.mp3,2013/Technimatic - Not Far To Go.mp3
2016,Chase & Status - Tribes.mp3,2016/Chase & Status - Tribes.mp3
2010,The Qemists - Hurt Less.mp3,2010/The Qemists - Hurt Less.mp3
2010,Mutated Forms - Chasing Dreams.mp3,2010/Mutated Forms - Chasing Dreams.mp3
2015,Misun - Eli Eli (Maduk Remix).mp3,2015/Misun - Eli Eli (Maduk Remix).mp3
Remixes,Misun - Eli Eli (Maduk Remix).mp3,Remixes/Misun - Eli Eli (Maduk Remix).mp3
2015,Brookes Brothers - Anthem (Ft. Camille).mp3,2015/Brookes Brothers - Anthem (Ft. Camille).mp3
2010,Dimension - Stargazer.mp3,2010/Dimension - Stargazer.mp3
Heavy,Mefjus - Pivot (Annix Remix).mp3,Heavy/Mefjus - Pivot (Annix Remix).mp3
2019,Mefjus - Pivot (Annix Remix).mp3,2019/Mefjus - Pivot (Annix Remix).mp3
Remixes,Mefjus - Pivot (Annix Remix).mp3,Remixes/Mefjus - Pivot (Annix Remix).mp3
2015,Mat Zo - Robots Never Lie.mp3,2015/Mat Zo - Robots Never Lie.mp3
Heavy,Mat Zo - Robots Never Lie.mp3,Heavy/Mat Zo - Robots Never Lie.mp3
2017,Matrix & Futurebound - Human (ft. Raphaella).mp3,2017/Matrix & Futurebound - Human (ft. Raphaella).mp3
2012,Sub Focus - Out The Blue (ft. Alice Gold).mp3,2012/Sub Focus - Out The Blue (ft. Alice Gold).mp3
2011,Sub Focus - Out The Blue (ft. Alice Gold).mp3,2011/Sub Focus - Out The Blue (ft. Alice Gold).mp3
2016,"DJ Fresh vs. Diplo - Bang Bang (ft. R. City, Selah Sue & Craig David) (Danny Byrd Remix).mp3","2016/DJ Fresh vs. Diplo - Bang Bang (ft. R. City, Selah Sue & Craig David) (Danny Byrd Remix).mp3"
Remixes,"DJ Fresh vs. Diplo - Bang Bang (ft. R. City, Selah Sue & Craig David) (Danny Byrd Remix).mp3","Remixes/DJ Fresh vs. Diplo - Bang Bang (ft. R. City, Selah Sue & Craig David) (Danny Byrd Remix).mp3"
2011,Major Look - No Hope City.mp3,2011/Major Look - No Hope City.mp3
2012,Major Look - No Hope City.mp3,2012/Major Look - No Hope City.mp3
2018,Dimension - Whip Slap II.mp3,2018/Dimension - Whip Slap II.mp3
2019,Maduk - Everytime (ft. Calixte).mp3,2019/Maduk - Everytime (ft. Calixte).mp3
2019,Hugh Hardie - Raindrops (ft. Cimone).mp3,2019/Hugh Hardie - Raindrops (ft. Cimone).mp3
2014,Childish Gambino - 3005 (Friction Remix).mp3,2014/Childish Gambino - 3005 (Friction Remix).mp3
Remixes,Childish Gambino - 3005 (Friction Remix).mp3,Remixes/Childish Gambino - 3005 (Friction Remix).mp3
2013,Camo & Krooked - WKND.mp3,2013/Camo & Krooked - WKND.mp3
2014,Camo & Krooked - WKND.mp3,2014/Camo & Krooked - WKND.mp3
2015,TCTS - Thinking About You (Koncept Remix).mp3,2015/TCTS - Thinking About You (Koncept Remix).mp3
Remixes,TCTS - Thinking About You (Koncept Remix).mp3,Remixes/TCTS - Thinking About You (Koncept Remix).mp3
2014,Matrix & Futurebound - Control (Ft. Max Marshall).mp3,2014/Matrix & Futurebound - Control (Ft. Max Marshall).mp3
2013,Matrix & Futurebound - Control (Ft. Max Marshall).mp3,2013/Matrix & Futurebound - Control (Ft. Max Marshall).mp3
2016,WiDE AWAKE - Love Me (ft. Jacob Banks) (Crissy Criss Remix).mp3,2016/WiDE AWAKE - Love Me (ft. Jacob Banks) (Crissy Criss Remix).mp3
Remixes,WiDE AWAKE - Love Me (ft. Jacob Banks) (Crissy Criss Remix).mp3,Remixes/WiDE AWAKE - Love Me (ft. Jacob Banks) (Crissy Criss Remix).mp3
2014,Lenzman - Just Can't Take (Ft. DRS).mp3,2014/Lenzman - Just Can't Take (Ft. DRS).mp3
Heavy,Kove - Give & Take.mp3,Heavy/Kove - Give & Take.mp3
2018,Kove - Give & Take.mp3,2018/Kove - Give & Take.mp3
2017,Flite - The Cure.mp3,2017/Flite - The Cure.mp3
2012,High Maintenance - Don't Lose It.mp3,2012/High Maintenance - Don't Lose It.mp3
2011,High Maintenance - Don't Lose It.mp3,2011/High Maintenance - Don't Lose It.mp3
2014,Technimatic - Night Vision.mp3,2014/Technimatic - Night Vision.mp3
2010,Lenzman - Open Page (Feat. Riya).mp3,2010/Lenzman - Open Page (Feat. Riya).mp3
2019,1991 - Full Send.mp3,2019/1991 - Full Send.mp3
2010,Nero - Me & You (Dirtyphonics Remix).mp3,2010/Nero - Me & You (Dirtyphonics Remix).mp3
Remixes,Nero - Me & You (Dirtyphonics Remix).mp3,Remixes/Nero - Me & You (Dirtyphonics Remix).mp3
Heavy,What So Not - Divide & Conquer (Noisia Remix).mp3,Heavy/What So Not - Divide & Conquer (Noisia Remix).mp3
Remixes,What So Not - Divide & Conquer (Noisia Remix).mp3,Remixes/What So Not - Divide & Conquer (Noisia Remix).mp3
2017,What So Not - Divide & Conquer (Noisia Remix).mp3,2017/What So Not - Divide & Conquer (Noisia Remix).mp3
Heavy,Toddla T ft. Alicai Harley - Instruction (Gallong Gal) (Shy FX Remix).mp3,Heavy/Toddla T ft. Alicai Harley - Instruction (Gallong Gal) (Shy FX Remix).mp3
2019,Toddla T ft. Alicai Harley - Instruction (Gallong Gal) (Shy FX Remix).mp3,2019/Toddla T ft. Alicai Harley - Instruction (Gallong Gal) (Shy FX Remix).mp3
Remixes,Toddla T ft. Alicai Harley - Instruction (Gallong Gal) (Shy FX Remix).mp3,Remixes/Toddla T ft. Alicai Harley - Instruction (Gallong Gal) (Shy FX Remix).mp3
2016,Wilkinson - What.mp3,2016/Wilkinson - What.mp3
Heavy,Wilkinson - What.mp3,Heavy/Wilkinson - What.mp3
2019,Distress Signal - Horizon.mp3,2019/Distress Signal - Horizon.mp3
2009,Sub Focus - World Of Hurt.mp3,2009/Sub Focus - World Of Hurt.mp3
2016,Metrik - Fatso.mp3,2016/Metrik - Fatso.mp3
2018,Mohican Sun - Don't Wait.mp3,2018/Mohican Sun - Don't Wait.mp3
2015,Ryos - Eclipse (ft. Allisa Rose) (Champion & Cartoon Remix).mp3,2015/Ryos - Eclipse (ft. Allisa Rose) (Champion & Cartoon Remix).mp3
Remixes,Ryos - Eclipse (ft. Allisa Rose) (Champion & Cartoon Remix).mp3,Remixes/Ryos - Eclipse (ft. Allisa Rose) (Champion & Cartoon Remix).mp3
2013,Hybrid Minds - Halcyon (Ft. Grimm).mp3,2013/Hybrid Minds - Halcyon (Ft. Grimm).mp3
2019,Dimension - If You Want To.mp3,2019/Dimension - If You Want To.mp3
2009,Drumsound & Bassline Smith - R U Ready.mp3,2009/Drumsound & Bassline Smith - R U Ready.mp3
2019,LSB & DRS - Faded.mp3,2019/LSB & DRS - Faded.mp3
2019,Friction - Lost It Mode (ft. Linguistics).mp3,2019/Friction - Lost It Mode (ft. Linguistics).mp3
Heavy,Black Sun Empire - Swarm.mp3,Heavy/Black Sun Empire - Swarm.mp3
2017,Black Sun Empire - Swarm.mp3,2017/Black Sun Empire - Swarm.mp3
Heavy,Drumsound & Bassline Smith - Wardance.mp3,Heavy/Drumsound & Bassline Smith - Wardance.mp3
2017,Drumsound & Bassline Smith - Wardance.mp3,2017/Drumsound & Bassline Smith - Wardance.mp3
2016,TC - Have You (Sound In Noise Remix).mp3,2016/TC - Have You (Sound In Noise Remix).mp3
Remixes,TC - Have You (Sound In Noise Remix).mp3,Remixes/TC - Have You (Sound In Noise Remix).mp3
2015,Ivy Lab - Gomeisa.mp3,2015/Ivy Lab - Gomeisa.mp3
Heavy,What So Not & Skrillex ft. KLP - GOH (Signal Remix).mp3,Heavy/What So Not & Skrillex ft. KLP - GOH (Signal Remix).mp3
Remixes,What So Not & Skrillex ft. KLP - GOH (Signal Remix).mp3,Remixes/What So Not & Skrillex ft. KLP - GOH (Signal Remix).mp3
2018,What So Not & Skrillex ft. KLP - GOH (Signal Remix).mp3,2018/What So Not & Skrillex ft. KLP - GOH (Signal Remix).mp3
2014,Kove - Liberator.mp3,2014/Kove - Liberator.mp3
2010,"Tony Anthem, Axl Ender, erb N dub & HD - Move Down (feat. Harry Shotta & Darry Dee).mp3","2010/Tony Anthem, Axl Ender, erb N dub & HD - Move Down (feat. Harry Shotta & Darry Dee).mp3"
Heavy,TC - Next Hype (ft. Jakes) (Crissy Criss + Malux + Erb N Dub Remix).mp3,Heavy/TC - Next Hype (ft. Jakes) (Crissy Criss + Malux + Erb N Dub Remix).mp3
2016,TC - Next Hype (ft. Jakes) (Crissy Criss + Malux + Erb N Dub Remix).mp3,2016/TC - Next Hype (ft. Jakes) (Crissy Criss + Malux + Erb N Dub Remix).mp3
Remixes,TC - Next Hype (ft. Jakes) (Crissy Criss + Malux + Erb N Dub Remix).mp3,Remixes/TC - Next Hype (ft. Jakes) (Crissy Criss + Malux + Erb N Dub Remix).mp3
2014,Kove - Way We Are (Ft. Melissa Steel) (174 Mix).mp3,2014/Kove - Way We Are (Ft. Melissa Steel) (174 Mix).mp3
2019,1991 - Illusions.mp3,2019/1991 - Illusions.mp3
2015,Sigma - Higher (Ft. Labrinth) (Sigma VIP Remix).mp3,2015/Sigma - Higher (Ft. Labrinth) (Sigma VIP Remix).mp3
Remixes,Sigma - Higher (Ft. Labrinth) (Sigma VIP Remix).mp3,Remixes/Sigma - Higher (Ft. Labrinth) (Sigma VIP Remix).mp3
Remixes,Sub Focus - X-Ray (Metrik Remix).mp3,Remixes/Sub Focus - X-Ray (Metrik Remix).mp3
2017,Sub Focus - X-Ray (Metrik Remix).mp3,2017/Sub Focus - X-Ray (Metrik Remix).mp3
2015,Dr Kucho! & Gregor Salto ft. Ane Brun - Can't Stop Playing (Makes Me High) (Cyantific Remix).mp3,2015/Dr Kucho! & Gregor Salto ft. Ane Brun - Can't Stop Playing (Makes Me High) (Cyantific Remix).mp3
Remixes,Dr Kucho! & Gregor Salto ft. Ane Brun - Can't Stop Playing (Makes Me High) (Cyantific Remix).mp3,Remixes/Dr Kucho! & Gregor Salto ft. Ane Brun - Can't Stop Playing (Makes Me High) (Cyantific Remix).mp3
2017,Rudimental - Sun Comes Up (ft. James Arthur) (Murdock Remix).mp3,2017/Rudimental - Sun Comes Up (ft. James Arthur) (Murdock Remix).mp3
Remixes,Rudimental - Sun Comes Up (ft. James Arthur) (Murdock Remix).mp3,Remixes/Rudimental - Sun Comes Up (ft. James Arthur) (Murdock Remix).mp3
2011,Loadstar - Second Skin.mp3,2011/Loadstar - Second Skin.mp3
2012,Loadstar - Second Skin.mp3,2012/Loadstar - Second Skin.mp3
2019,IMANU - Nonplus.mp3,2019/IMANU - Nonplus.mp3
2018,Hillsdom - Colours (ft. Novokan3).mp3,2018/Hillsdom - Colours (ft. Novokan3).mp3
2019,Murdock - Different Way (ft. Errol Dunkley).mp3,2019/Murdock - Different Way (ft. Errol Dunkley).mp3
Heavy,Dirtyphonics - Scorpion.mp3,Heavy/Dirtyphonics - Scorpion.mp3
2018,Dirtyphonics - Scorpion.mp3,2018/Dirtyphonics - Scorpion.mp3
2013,LSB - The Hurting.mp3,2013/LSB - The Hurting.mp3
2014,Adam F & Cory Enemy - When It Comes To You (Ft. Margot) (Drum & Bass Mix).mp3,2014/Adam F & Cory Enemy - When It Comes To You (Ft. Margot) (Drum & Bass Mix).mp3
Remixes,Adam F & Cory Enemy - When It Comes To You (Ft. Margot) (Drum & Bass Mix).mp3,Remixes/Adam F & Cory Enemy - When It Comes To You (Ft. Margot) (Drum & Bass Mix).mp3
2009,Shufunk - Juice.mp3,2009/Shufunk - Juice.mp3
Heavy,Teddy Killerz & Icicle - Louder (ft. DJ Craze).mp3,Heavy/Teddy Killerz & Icicle - Louder (ft. DJ Craze).mp3
2016,Teddy Killerz & Icicle - Louder (ft. DJ Craze).mp3,2016/Teddy Killerz & Icicle - Louder (ft. DJ Craze).mp3
2011,Smooth - Cyber Funk.mp3,2011/Smooth - Cyber Funk.mp3
2012,Smooth - Cyber Funk.mp3,2012/Smooth - Cyber Funk.mp3
Remixes,Kideko - Good Thing (Danny Byrd Remix).mp3,Remixes/Kideko - Good Thing (Danny Byrd Remix).mp3
2018,Kideko - Good Thing (Danny Byrd Remix).mp3,2018/Kideko - Good Thing (Danny Byrd Remix).mp3
2014,BCee - Think Twice.mp3,2014/BCee - Think Twice.mp3
2017,Sub Focus & Rudimental - Trouble (ft. Chronixx & Maverick Sabre).mp3,2017/Sub Focus & Rudimental - Trouble (ft. Chronixx & Maverick Sabre).mp3
2009,Rollz - Plugged In.mp3,2009/Rollz - Plugged In.mp3
2015,Feint - Watch Me.mp3,2015/Feint - Watch Me.mp3
Heavy,Cursa - Distance.mp3,Heavy/Cursa - Distance.mp3
2014,Cursa - Distance.mp3,2014/Cursa - Distance.mp3
Heavy,Kove - Motor.mp3,Heavy/Kove - Motor.mp3
2019,Kove - Motor.mp3,2019/Kove - Motor.mp3
Heavy,Evol Intent - Brainswarm.mp3,Heavy/Evol Intent - Brainswarm.mp3
2018,Evol Intent - Brainswarm.mp3,2018/Evol Intent - Brainswarm.mp3
2012,Delilah - Shades Of Grey (SpectraSoul Remix).mp3,2012/Delilah - Shades Of Grey (SpectraSoul Remix).mp3
2011,Delilah - Shades Of Grey (SpectraSoul Remix).mp3,2011/Delilah - Shades Of Grey (SpectraSoul Remix).mp3
Remixes,Delilah - Shades Of Grey (SpectraSoul Remix).mp3,Remixes/Delilah - Shades Of Grey (SpectraSoul Remix).mp3
2019,Benny L - The Pictures (ft. Pastry Maker).mp3,2019/Benny L - The Pictures (ft. Pastry Maker).mp3
2014,Tokyo Prose - Ventura.mp3,2014/Tokyo Prose - Ventura.mp3
2018,Kove - Tonight.mp3,2018/Kove - Tonight.mp3
2017,1991 - Mayk Yu Myne_.mp3,2017/1991 - Mayk Yu Myne_.mp3
2016,Tritonal - Getaway (ft. Angel Taylor) (Koven Remix).mp3,2016/Tritonal - Getaway (ft. Angel Taylor) (Koven Remix).mp3
Remixes,Tritonal - Getaway (ft. Angel Taylor) (Koven Remix).mp3,Remixes/Tritonal - Getaway (ft. Angel Taylor) (Koven Remix).mp3
2015,Tough Love - So Freakin' Tight (S.P.Y Remix).mp3,2015/Tough Love - So Freakin' Tight (S.P.Y Remix).mp3
Remixes,Tough Love - So Freakin' Tight (S.P.Y Remix).mp3,Remixes/Tough Love - So Freakin' Tight (S.P.Y Remix).mp3
2013,Pedestrian - Hoyle Road (SpectraSoul Remix).mp3,2013/Pedestrian - Hoyle Road (SpectraSoul Remix).mp3
Remixes,Pedestrian - Hoyle Road (SpectraSoul Remix).mp3,Remixes/Pedestrian - Hoyle Road (SpectraSoul Remix).mp3
2016,Ownglow - Not Like Me.mp3,2016/Ownglow - Not Like Me.mp3
2014,Ed Sheeran - Don't (Netsky Remix).mp3,2014/Ed Sheeran - Don't (Netsky Remix).mp3
Remixes,Ed Sheeran - Don't (Netsky Remix).mp3,Remixes/Ed Sheeran - Don't (Netsky Remix).mp3
Heavy,Skrillex - Ragga Bomb (Teddy Killerz Remix).mp3,Heavy/Skrillex - Ragga Bomb (Teddy Killerz Remix).mp3
Remixes,Skrillex - Ragga Bomb (Teddy Killerz Remix).mp3,Remixes/Skrillex - Ragga Bomb (Teddy Killerz Remix).mp3
Remixes,High Contrast - The Beat Don't Feel The Same (ft. Boy Matthews) (D&B Remix).mp3,Remixes/High Contrast - The Beat Don't Feel The Same (ft. Boy Matthews) (D&B Remix).mp3
2017,High Contrast - The Beat Don't Feel The Same (ft. Boy Matthews) (D&B Remix).mp3,2017/High Contrast - The Beat Don't Feel The Same (ft. Boy Matthews) (D&B Remix).mp3
Remixes,Delilah - Love You So (Lenzman Remix).mp3,Remixes/Delilah - Love You So (Lenzman Remix).mp3
2019,Upgrade - Cosmic.mp3,2019/Upgrade - Cosmic.mp3
2018,Maduk & Dennis Pedersen - Miles Apart (ft. Ella Noël & Rino).mp3,2018/Maduk & Dennis Pedersen - Miles Apart (ft. Ella Noël & Rino).mp3
2013,Tantrum Desire - Fly Away (Music Video).mp3,2013/Tantrum Desire - Fly Away (Music Video).mp3
2010,Tantrum Desire - Body Shot.mp3,2010/Tantrum Desire - Body Shot.mp3
2015,Rudimental ft. Ed Sheeran - Lay It All On Me (Calyx & TeeBee Remix).mp3,2015/Rudimental ft. Ed Sheeran - Lay It All On Me (Calyx & TeeBee Remix).mp3
Remixes,Rudimental ft. Ed Sheeran - Lay It All On Me (Calyx & TeeBee Remix).mp3,Remixes/Rudimental ft. Ed Sheeran - Lay It All On Me (Calyx & TeeBee Remix).mp3
2016,Document One - Run The Block.mp3,2016/Document One - Run The Block.mp3
Heavy,Noisia - Anomaly.mp3,Heavy/Noisia - Anomaly.mp3
2016,Noisia - Anomaly.mp3,2016/Noisia - Anomaly.mp3
2018,Memtrix - Dare Me.mp3,2018/Memtrix - Dare Me.mp3
2017,Murdock & Doctrine - On A Rampage (Rampage Anthem 2018).mp3,2017/Murdock & Doctrine - On A Rampage (Rampage Anthem 2018).mp3
2017,Camo & Krooked - Come Together.mp3,2017/Camo & Krooked - Come Together.mp3
2016,Technimatic - Parallel (ft. Zara Kershaw).mp3,2016/Technimatic - Parallel (ft. Zara Kershaw).mp3
2013,Syron - Here (Calyx & TeeBee Remix).mp3,2013/Syron - Here (Calyx & TeeBee Remix).mp3
Remixes,Syron - Here (Calyx & TeeBee Remix).mp3,Remixes/Syron - Here (Calyx & TeeBee Remix).mp3
2016,Rhythm District - Unspoken (ft. Rachel K. Collier) (Lindsay Lowend Remix).mp3,2016/Rhythm District - Unspoken (ft. Rachel K. Collier) (Lindsay Lowend Remix).mp3
Remixes,Rhythm District - Unspoken (ft. Rachel K. Collier) (Lindsay Lowend Remix).mp3,Remixes/Rhythm District - Unspoken (ft. Rachel K. Collier) (Lindsay Lowend Remix).mp3
Heavy,Current Value - That Smile.mp3,Heavy/Current Value - That Smile.mp3
2018,Current Value - That Smile.mp3,2018/Current Value - That Smile.mp3
2018,Ownglow - Eyes Wide Open.mp3,2018/Ownglow - Eyes Wide Open.mp3
2017,Fred V & Grafix - Colours Fading.mp3,2017/Fred V & Grafix - Colours Fading.mp3
2013,Smooth - Drone.mp3,2013/Smooth - Drone.mp3
2014,Dr Meaker - Right Back (Ft. Sian Evans).mp3,2014/Dr Meaker - Right Back (Ft. Sian Evans).mp3
Heavy,MRSA - Bio Weapon.mp3,Heavy/MRSA - Bio Weapon.mp3
2017,MRSA - Bio Weapon.mp3,2017/MRSA - Bio Weapon.mp3
Heavy,Misanthrop - Antimachine.mp3,Heavy/Misanthrop - Antimachine.mp3
2016,Misanthrop - Antimachine.mp3,2016/Misanthrop - Antimachine.mp3
2015,Bensley - Next Generation.mp3,2015/Bensley - Next Generation.mp3
2013,BCee - Lost & Found (Ft. Rocky Nti).mp3,2013/BCee - Lost & Found (Ft. Rocky Nti).mp3
2019,Crissy Criss x WiDE AWAKE - Real (Drum & Bass Mix).mp3,2019/Crissy Criss x WiDE AWAKE - Real (Drum & Bass Mix).mp3
2011,Dr Meaker - Fighter.mp3,2011/Dr Meaker - Fighter.mp3
2012,Dr Meaker - Fighter.mp3,2012/Dr Meaker - Fighter.mp3
2009,Drumsound & Bassline Smith - Fire (Burning).mp3,2009/Drumsound & Bassline Smith - Fire (Burning).mp3
2014,TC - Everything For A Reason.mp3,2014/TC - Everything For A Reason.mp3
2009,Sub Focus - Splash.mp3,2009/Sub Focus - Splash.mp3
2015,Tantrum Desire - Oblivion (ft. Solah).mp3,2015/Tantrum Desire - Oblivion (ft. Solah).mp3
2014,Matrix & Futurebound - Don't Look Back (Ft. Tanya Lacey).mp3,2014/Matrix & Futurebound - Don't Look Back (Ft. Tanya Lacey).mp3
2015,Sigma - Glitterball (ft. Ella Henderson) (S.P.Y Remix).mp3,2015/Sigma - Glitterball (ft. Ella Henderson) (S.P.Y Remix).mp3
Remixes,Sigma - Glitterball (ft. Ella Henderson) (S.P.Y Remix).mp3,Remixes/Sigma - Glitterball (ft. Ella Henderson) (S.P.Y Remix).mp3
Remixes,What So Not & LPX - Better (ShockOne Remix).mp3,Remixes/What So Not & LPX - Better (ShockOne Remix).mp3
2017,What So Not & LPX - Better (ShockOne Remix).mp3,2017/What So Not & LPX - Better (ShockOne Remix).mp3
2019,Logistics - Waveforms.mp3,2019/Logistics - Waveforms.mp3
2016,High Contrast - Remind Me.mp3,2016/High Contrast - Remind Me.mp3
2016,The Prodigy - The Day Is My Enemy (Bad Company UK Remix).mp3,2016/The Prodigy - The Day Is My Enemy (Bad Company UK Remix).mp3
Heavy,The Prodigy - The Day Is My Enemy (Bad Company UK Remix).mp3,Heavy/The Prodigy - The Day Is My Enemy (Bad Company UK Remix).mp3
Remixes,The Prodigy - The Day Is My Enemy (Bad Company UK Remix).mp3,Remixes/The Prodigy - The Day Is My Enemy (Bad Company UK Remix).mp3
2019,Fred V - Really Happy Aliens.mp3,2019/Fred V - Really Happy Aliens.mp3
Heavy,Vorso - Crisis.mp3,Heavy/Vorso - Crisis.mp3
2018,Vorso - Crisis.mp3,2018/Vorso - Crisis.mp3
2014,Drumsound & Bassline Smith - Phantasm.mp3,2014/Drumsound & Bassline Smith - Phantasm.mp3
2018,Abacus ft. Cimone - Everybody's Got To Learn Sometime (I Need Your Loving).mp3,2018/Abacus ft. Cimone - Everybody's Got To Learn Sometime (I Need Your Loving).mp3
2016,Culture Shock - Low Frequency.mp3,2016/Culture Shock - Low Frequency.mp3
2013,Seba - Never Let You Go (Blu Mar Ten Remix).mp3,2013/Seba - Never Let You Go (Blu Mar Ten Remix).mp3
Remixes,Seba - Never Let You Go (Blu Mar Ten Remix).mp3,Remixes/Seba - Never Let You Go (Blu Mar Ten Remix).mp3
2012,Goldie - Freedom (Ft. Natalie Duncan).mp3,2012/Goldie - Freedom (Ft. Natalie Duncan).mp3
2011,Goldie - Freedom (Ft. Natalie Duncan).mp3,2011/Goldie - Freedom (Ft. Natalie Duncan).mp3
Heavy,René LaVice - Cold Crush (ft. Gydra).mp3,Heavy/René LaVice - Cold Crush (ft. Gydra).mp3
2018,René LaVice - Cold Crush (ft. Gydra).mp3,2018/René LaVice - Cold Crush (ft. Gydra).mp3
Remixes,Dua Lipa - Be The One (Netsky Remix).mp3,Remixes/Dua Lipa - Be The One (Netsky Remix).mp3
2017,Dua Lipa - Be The One (Netsky Remix).mp3,2017/Dua Lipa - Be The One (Netsky Remix).mp3
Remixes,Seven Lions with Myon & Shane 54 - Strangers (Ft. Tove Lo) (Matrix & Futurebound Remix).mp3,Remixes/Seven Lions with Myon & Shane 54 - Strangers (Ft. Tove Lo) (Matrix & Futurebound Remix).mp3
Remixes,San Holo - The Future (Feint Remix).mp3,Remixes/San Holo - The Future (Feint Remix).mp3
2017,San Holo - The Future (Feint Remix).mp3,2017/San Holo - The Future (Feint Remix).mp3
2017,High Contrast - Questions (ft. Boy Matthews).mp3,2017/High Contrast - Questions (ft. Boy Matthews).mp3
2016,Memtrix - Curses.mp3,2016/Memtrix - Curses.mp3
2009,Dizzee Rascal - Dirtee Cash (Sub Focus Remix).mp3,2009/Dizzee Rascal - Dirtee Cash (Sub Focus Remix).mp3
Remixes,Dizzee Rascal - Dirtee Cash (Sub Focus Remix).mp3,Remixes/Dizzee Rascal - Dirtee Cash (Sub Focus Remix).mp3
2015,The Prototypes - Kill The Silence (ft. Ayah Marar).mp3,2015/The Prototypes - Kill The Silence (ft. Ayah Marar).mp3
Heavy,Kanine - Deal Wit Dem (ft. Killa P).mp3,Heavy/Kanine - Deal Wit Dem (ft. Killa P).mp3
2019,Kanine - Deal Wit Dem (ft. Killa P).mp3,2019/Kanine - Deal Wit Dem (ft. Killa P).mp3
2017,Fox Stevenson - Miss You (D&B Mix).mp3,2017/Fox Stevenson - Miss You (D&B Mix).mp3
2019,Flite - Skywalker.mp3,2019/Flite - Skywalker.mp3
2015,XYconstant - Silverlined (Delta Heavy Remix).mp3,2015/XYconstant - Silverlined (Delta Heavy Remix).mp3
Remixes,XYconstant - Silverlined (Delta Heavy Remix).mp3,Remixes/XYconstant - Silverlined (Delta Heavy Remix).mp3
Remixes,T.E.E.D (Totally Enormous Extinct Dinosaurs) - Garden (Calibre Remix).mp3,Remixes/T.E.E.D (Totally Enormous Extinct Dinosaurs) - Garden (Calibre Remix).mp3
Remixes,Tritonal - Anchor (Noisestorm Remix).mp3,Remixes/Tritonal - Anchor (Noisestorm Remix).mp3
2016,Cartoon - I Remember U (ft. Jüri Pootsmann) (Ownglow Remix).mp3,2016/Cartoon - I Remember U (ft. Jüri Pootsmann) (Ownglow Remix).mp3
Remixes,Cartoon - I Remember U (ft. Jüri Pootsmann) (Ownglow Remix).mp3,Remixes/Cartoon - I Remember U (ft. Jüri Pootsmann) (Ownglow Remix).mp3
2016,Muzzy - Play (ft. UK_ID).mp3,2016/Muzzy - Play (ft. UK_ID).mp3
2016,NCT - Serotonin.mp3,2016/NCT - Serotonin.mp3
2012,Noisia - Tommy's Theme (Loadstar Remix).mp3,2012/Noisia - Tommy's Theme (Loadstar Remix).mp3
2011,Noisia - Tommy's Theme (Loadstar Remix).mp3,2011/Noisia - Tommy's Theme (Loadstar Remix).mp3
Remixes,Noisia - Tommy's Theme (Loadstar Remix).mp3,Remixes/Noisia - Tommy's Theme (Loadstar Remix).mp3
2017,Camo & Krooked - Honesty.mp3,2017/Camo & Krooked - Honesty.mp3
Remixes,Lil Nas X ft. Billy Ray Cyrus - Old Town Road (DJ Zinc Remix).mp3,Remixes/Lil Nas X ft. Billy Ray Cyrus - Old Town Road (DJ Zinc Remix).mp3
2019,Lil Nas X ft. Billy Ray Cyrus - Old Town Road (DJ Zinc Remix).mp3,2019/Lil Nas X ft. Billy Ray Cyrus - Old Town Road (DJ Zinc Remix).mp3
2016,1991 - Sprites.mp3,2016/1991 - Sprites.mp3
2018,Shy FX - Badboy Business (ft. Kate Stewart & Mr. Williamz).mp3,2018/Shy FX - Badboy Business (ft. Kate Stewart & Mr. Williamz).mp3
2016,Fred V & Grafix - Ultraviolet.mp3,2016/Fred V & Grafix - Ultraviolet.mp3
2019,Kove - Echoes (ft. Ben Duffy).mp3,2019/Kove - Echoes (ft. Ben Duffy).mp3
2010,Plan B - Stay Too Long (Pendulum Remix).mp3,2010/Plan B - Stay Too Long (Pendulum Remix).mp3
Remixes,Plan B - Stay Too Long (Pendulum Remix).mp3,Remixes/Plan B - Stay Too Long (Pendulum Remix).mp3
2019,Dossa & Locuzzed – Tha Bird (ft. DJ Marky).mp3,2019/Dossa & Locuzzed – Tha Bird (ft. DJ Marky).mp3
2018,Kanine - Want You.mp3,2018/Kanine - Want You.mp3
2016,Birdy - Wild Horses (Matrix & Futurebound Remix).mp3,2016/Birdy - Wild Horses (Matrix & Futurebound Remix).mp3
Remixes,Birdy - Wild Horses (Matrix & Futurebound Remix).mp3,Remixes/Birdy - Wild Horses (Matrix & Futurebound Remix).mp3
Heavy,The Upbeats - Punks.mp3,Heavy/The Upbeats - Punks.mp3
2017,The Upbeats - Punks.mp3,2017/The Upbeats - Punks.mp3
2016,Thomas Hayes - Golden (ft. Kyler England) (Champion Remix).mp3,2016/Thomas Hayes - Golden (ft. Kyler England) (Champion Remix).mp3
Remixes,Thomas Hayes - Golden (ft. Kyler England) (Champion Remix).mp3,Remixes/Thomas Hayes - Golden (ft. Kyler England) (Champion Remix).mp3
2014,Ed Sheeran - Sing (Wilkinson Remix).mp3,2014/Ed Sheeran - Sing (Wilkinson Remix).mp3
Remixes,Ed Sheeran - Sing (Wilkinson Remix).mp3,Remixes/Ed Sheeran - Sing (Wilkinson Remix).mp3
2018,Cyantific - Bloodline (ft. Raphaella).mp3,2018/Cyantific - Bloodline (ft. Raphaella).mp3
2019,Night Shift - Love U Better (ft. Red London).mp3,2019/Night Shift - Love U Better (ft. Red London).mp3
2014,Javeon - Intoxicated (TC Remix).mp3,2014/Javeon - Intoxicated (TC Remix).mp3
Remixes,Javeon - Intoxicated (TC Remix).mp3,Remixes/Javeon - Intoxicated (TC Remix).mp3
2019,Stylus & Riley - Shut It Down.mp3,2019/Stylus & Riley - Shut It Down.mp3
2013,Cyantific - Your Love.mp3,2013/Cyantific - Your Love.mp3
2014,Example - Kids Again (Dimension Remix).mp3,2014/Example - Kids Again (Dimension Remix).mp3
Remixes,Example - Kids Again (Dimension Remix).mp3,Remixes/Example - Kids Again (Dimension Remix).mp3
2019,Wilkinson - Machina.mp3,2019/Wilkinson - Machina.mp3
2015,Metrik - Make The Floor Burn (VIP).mp3,2015/Metrik - Make The Floor Burn (VIP).mp3
Heavy,Dimension - Panzer.mp3,Heavy/Dimension - Panzer.mp3
2015,Dimension - Panzer.mp3,2015/Dimension - Panzer.mp3
2013,Blu Mar Ten - Thin Air (Ft. Robert Manos & Yosebu).mp3,2013/Blu Mar Ten - Thin Air (Ft. Robert Manos & Yosebu).mp3
2019,Murdock - Breathe (ft. Goldi Phone Home).mp3,2019/Murdock - Breathe (ft. Goldi Phone Home).mp3
Remixes,Rameses B - Open Your Eyes (NCT Remix).mp3,Remixes/Rameses B - Open Your Eyes (NCT Remix).mp3
2019,Rameses B - Open Your Eyes (NCT Remix).mp3,2019/Rameses B - Open Your Eyes (NCT Remix).mp3
2019,Mountain - Stillness.mp3,2019/Mountain - Stillness.mp3
2016,Keeno - At Twilight.mp3,2016/Keeno - At Twilight.mp3
2015,The McMash Clan and Kate Mullins - Requiem (Funtcase Erebus Remix).mp3,2015/The McMash Clan and Kate Mullins - Requiem (Funtcase Erebus Remix).mp3
Heavy,The McMash Clan and Kate Mullins - Requiem (Funtcase Erebus Remix).mp3,Heavy/The McMash Clan and Kate Mullins - Requiem (Funtcase Erebus Remix).mp3
Remixes,The McMash Clan and Kate Mullins - Requiem (Funtcase Erebus Remix).mp3,Remixes/The McMash Clan and Kate Mullins - Requiem (Funtcase Erebus Remix).mp3
2016,Logistics - Take Me To Another World (ft. Stella Attar).mp3,2016/Logistics - Take Me To Another World (ft. Stella Attar).mp3
Heavy,InsideInfo - Renegade (ft. Jakes).mp3,Heavy/InsideInfo - Renegade (ft. Jakes).mp3
2017,InsideInfo - Renegade (ft. Jakes).mp3,2017/InsideInfo - Renegade (ft. Jakes).mp3
2019,Dimension - Devotion (ft. Cameron Hayes).mp3,2019/Dimension - Devotion (ft. Cameron Hayes).mp3
Heavy,Calyx & TeeBee - Ruffian.mp3,Heavy/Calyx & TeeBee - Ruffian.mp3
2017,Calyx & TeeBee - Ruffian.mp3,2017/Calyx & TeeBee - Ruffian.mp3
Remixes,Noisia & Prolix - Asteroids (Noisia Remix).mp3,Remixes/Noisia & Prolix - Asteroids (Noisia Remix).mp3
Remixes,Context - Listening to Burial (Ft. Slof Man) (Cinematic Remix).mp3,Remixes/Context - Listening to Burial (Ft. Slof Man) (Cinematic Remix).mp3
Remixes,Nightmares On Wax - Citizen Kane (DJ Marky Reinterpretation).mp3,Remixes/Nightmares On Wax - Citizen Kane (DJ Marky Reinterpretation).mp3
2018,Nightmares On Wax - Citizen Kane (DJ Marky Reinterpretation).mp3,2018/Nightmares On Wax - Citizen Kane (DJ Marky Reinterpretation).mp3
Heavy,Loadstar - Give Yourself.mp3,Heavy/Loadstar - Give Yourself.mp3
2017,Loadstar - Give Yourself.mp3,2017/Loadstar - Give Yourself.mp3
2013,LTJ Bukem - Atlantis (Marky & S.P.Y Rework).mp3,2013/LTJ Bukem - Atlantis (Marky & S.P.Y Rework).mp3
2012,Krewella - Killin' It (Dirtyphonics Remix).mp3,2012/Krewella - Killin' It (Dirtyphonics Remix).mp3
2011,Krewella - Killin' It (Dirtyphonics Remix).mp3,2011/Krewella - Killin' It (Dirtyphonics Remix).mp3
Remixes,Krewella - Killin' It (Dirtyphonics Remix).mp3,Remixes/Krewella - Killin' It (Dirtyphonics Remix).mp3
2014,Wilkinson - Dirty Love (Ft. Talay Riley) (TC Remix).mp3,2014/Wilkinson - Dirty Love (Ft. Talay Riley) (TC Remix).mp3
Remixes,Wilkinson - Dirty Love (Ft. Talay Riley) (TC Remix).mp3,Remixes/Wilkinson - Dirty Love (Ft. Talay Riley) (TC Remix).mp3
2019,Friction - Good To Me.mp3,2019/Friction - Good To Me.mp3
2015,Dimension - Dark Lights.mp3,2015/Dimension - Dark Lights.mp3
2014,Knife Party - Give It Up.mp3,2014/Knife Party - Give It Up.mp3
Heavy,Knife Party - Give It Up.mp3,Heavy/Knife Party - Give It Up.mp3
Heavy,Malux - Hyperlaced.mp3,Heavy/Malux - Hyperlaced.mp3
2017,Malux - Hyperlaced.mp3,2017/Malux - Hyperlaced.mp3
2015,Kokiri - Retrospect (Koven Remix).mp3,2015/Kokiri - Retrospect (Koven Remix).mp3
Remixes,Kokiri - Retrospect (Koven Remix).mp3,Remixes/Kokiri - Retrospect (Koven Remix).mp3
2017,Loadstar - Run Down (Control).mp3,2017/Loadstar - Run Down (Control).mp3
2016,Fred V & Grafix - Stay Here.mp3,2016/Fred V & Grafix - Stay Here.mp3
Heavy,DC Breaks - Gambino (InsideInfo Remix).mp3,Heavy/DC Breaks - Gambino (InsideInfo Remix).mp3
Remixes,DC Breaks - Gambino (InsideInfo Remix).mp3,Remixes/DC Breaks - Gambino (InsideInfo Remix).mp3
2018,DC Breaks - Gambino (InsideInfo Remix).mp3,2018/DC Breaks - Gambino (InsideInfo Remix).mp3
Heavy,July Jones - Jump In The Water (Memtrix Remix).mp3,Heavy/July Jones - Jump In The Water (Memtrix Remix).mp3
Remixes,July Jones - Jump In The Water (Memtrix Remix).mp3,Remixes/July Jones - Jump In The Water (Memtrix Remix).mp3
2017,July Jones - Jump In The Water (Memtrix Remix).mp3,2017/July Jones - Jump In The Water (Memtrix Remix).mp3
2019,Andy C - Till Dawn.mp3,2019/Andy C - Till Dawn.mp3
2014,Station Earth - Myth Of Er.mp3,2014/Station Earth - Myth Of Er.mp3
2016,My Nu Leng & Flava D - Soul Shake (1991 Remix).mp3,2016/My Nu Leng & Flava D - Soul Shake (1991 Remix).mp3
Remixes,My Nu Leng & Flava D - Soul Shake (1991 Remix).mp3,Remixes/My Nu Leng & Flava D - Soul Shake (1991 Remix).mp3
2015,Speed Limits & Jaco - Palm Of Your Hand (Ft. Joni Fatora) (Ownglow Remix).mp3,2015/Speed Limits & Jaco - Palm Of Your Hand (Ft. Joni Fatora) (Ownglow Remix).mp3
Remixes,Speed Limits & Jaco - Palm Of Your Hand (Ft. Joni Fatora) (Ownglow Remix).mp3,Remixes/Speed Limits & Jaco - Palm Of Your Hand (Ft. Joni Fatora) (Ownglow Remix).mp3
2018,Cyantific - Body Movin' (ft. ShockOne).mp3,2018/Cyantific - Body Movin' (ft. ShockOne).mp3
2018,Etherwood - Climbing.mp3,2018/Etherwood - Climbing.mp3
Heavy,My Nu Leng & Friction - Jigsaw.mp3,Heavy/My Nu Leng & Friction - Jigsaw.mp3
2017,My Nu Leng & Friction - Jigsaw.mp3,2017/My Nu Leng & Friction - Jigsaw.mp3
2019,Maduk - Go (ft. Lachi).mp3,2019/Maduk - Go (ft. Lachi).mp3
2014,Kove x Dimension - Feel Love Again.mp3,2014/Kove x Dimension - Feel Love Again.mp3
2019,Kanine - Firewall.mp3,2019/Kanine - Firewall.mp3
2018,Bensley - Do It Again (ft. Armanni Reign).mp3,2018/Bensley - Do It Again (ft. Armanni Reign).mp3
2015,Joe Ford - All Of Us.mp3,2015/Joe Ford - All Of Us.mp3
Heavy,Joe Ford - All Of Us.mp3,Heavy/Joe Ford - All Of Us.mp3
2018,Danny Byrd - Salute (ft. MC GQ).mp3,2018/Danny Byrd - Salute (ft. MC GQ).mp3
Heavy,Phace - Beyond Number.mp3,Heavy/Phace - Beyond Number.mp3
2017,Phace - Beyond Number.mp3,2017/Phace - Beyond Number.mp3
2016,Metrik - Electric Echo (ft. Gunship).mp3,2016/Metrik - Electric Echo (ft. Gunship).mp3
2018,Friction - Stinker (ft. Riko Dan & Tantrum Desire).mp3,2018/Friction - Stinker (ft. Riko Dan & Tantrum Desire).mp3
2018,Feint - Defiant (ft. Laura Brehm).mp3,2018/Feint - Defiant (ft. Laura Brehm).mp3
Remixes,Shameboy - Strobot (Netsky Remix).mp3,Remixes/Shameboy - Strobot (Netsky Remix).mp3
2017,Chase & Status - Step Away (ft. MC Fats).mp3,2017/Chase & Status - Step Away (ft. MC Fats).mp3
Heavy,Delta Heavy - Oscillator.mp3,Heavy/Delta Heavy - Oscillator.mp3
2016,Delta Heavy - Oscillator.mp3,2016/Delta Heavy - Oscillator.mp3
2014,Original Sin - Fire Inside (Ft. Koo).mp3,2014/Original Sin - Fire Inside (Ft. Koo).mp3
2019,Friction x Kanine - Your Love.mp3,2019/Friction x Kanine - Your Love.mp3
Remixes,Jess Mills - Live For What I'd Die For (Loadstar Remix).mp3,Remixes/Jess Mills - Live For What I'd Die For (Loadstar Remix).mp3
2018,Mohican Sun - Trade Winds.mp3,2018/Mohican Sun - Trade Winds.mp3
Heavy,Camo & Krooked - Mandala (ft. Mefjus) (Malux Remix).mp3,Heavy/Camo & Krooked - Mandala (ft. Mefjus) (Malux Remix).mp3
2018,Camo & Krooked - Mandala (ft. Mefjus) (Malux Remix).mp3,2018/Camo & Krooked - Mandala (ft. Mefjus) (Malux Remix).mp3
Remixes,Camo & Krooked - Mandala (ft. Mefjus) (Malux Remix).mp3,Remixes/Camo & Krooked - Mandala (ft. Mefjus) (Malux Remix).mp3
2014,Secondcity ft. Ali Love - What Can I Do (Fred V & Grafix Remix).mp3,2014/Secondcity ft. Ali Love - What Can I Do (Fred V & Grafix Remix).mp3
Remixes,Secondcity ft. Ali Love - What Can I Do (Fred V & Grafix Remix).mp3,Remixes/Secondcity ft. Ali Love - What Can I Do (Fred V & Grafix Remix).mp3
2018,Artificial Intelligence - B.A.D.A.mp3,2018/Artificial Intelligence - B.A.D.A.mp3
Remixes,Rusko - Everyday (Netsky Remix).mp3,Remixes/Rusko - Everyday (Netsky Remix).mp3
2019,Axwell - Nobody Else (1991 Remix).mp3,2019/Axwell - Nobody Else (1991 Remix).mp3
Remixes,Axwell - Nobody Else (1991 Remix).mp3,Remixes/Axwell - Nobody Else (1991 Remix).mp3
2011,Don Diablo - Silent Shadows (Mind Vortex Remix).mp3,2011/Don Diablo - Silent Shadows (Mind Vortex Remix).mp3
2012,Don Diablo - Silent Shadows (Mind Vortex Remix).mp3,2012/Don Diablo - Silent Shadows (Mind Vortex Remix).mp3
Remixes,Don Diablo - Silent Shadows (Mind Vortex Remix).mp3,Remixes/Don Diablo - Silent Shadows (Mind Vortex Remix).mp3
2013,Loadstar - Don't Wanna Be Alone.mp3,2013/Loadstar - Don't Wanna Be Alone.mp3
2015,Bensley - Aftermath VIP.mp3,2015/Bensley - Aftermath VIP.mp3
Heavy,A.M.C & Turno - Black Jungle.mp3,Heavy/A.M.C & Turno - Black Jungle.mp3
2018,Tantrum Desire - Vybez.mp3,2018/Tantrum Desire - Vybez.mp3
2017,A.M.C & Turno - Black Jungle.mp3,2017/A.M.C & Turno - Black Jungle.mp3
Remixes,Chase & Status - Count On Me (Ft. Moko) (Andy C Remix).mp3,Remixes/Chase & Status - Count On Me (Ft. Moko) (Andy C Remix).mp3
Heavy,TC - Time Travel.mp3,Heavy/TC - Time Travel.mp3
2013,Koncept - Breathe In.mp3,2013/Koncept - Breathe In.mp3
2015,Loadstar - Native.mp3,2015/Loadstar - Native.mp3
Heavy,Memtrix - Frontiers.mp3,Heavy/Memtrix - Frontiers.mp3
2015,Memtrix - Frontiers.mp3,2015/Memtrix - Frontiers.mp3
2014,Naughty Boy - Think About It (Ft. Wiz Khalifa & Ella Eyre) (Calyx & Teebee Remix).mp3,2014/Naughty Boy - Think About It (Ft. Wiz Khalifa & Ella Eyre) (Calyx & Teebee Remix).mp3
Remixes,Naughty Boy - Think About It (Ft. Wiz Khalifa & Ella Eyre) (Calyx & Teebee Remix).mp3,Remixes/Naughty Boy - Think About It (Ft. Wiz Khalifa & Ella Eyre) (Calyx & Teebee Remix).mp3
2013,Fenech Soler - Magnetic (Koncept Remix).mp3,2013/Fenech Soler - Magnetic (Koncept Remix).mp3
Remixes,Fenech Soler - Magnetic (Koncept Remix).mp3,Remixes/Fenech Soler - Magnetic (Koncept Remix).mp3
2013,J Majik & Wickaman - Right Now (Kate Loveridge).mp3,2013/J Majik & Wickaman - Right Now (Kate Loveridge).mp3
2016,Sigala ft. John Newman & Nile Rodgers - Give Me Your Love (Andy C Remix).mp3,2016/Sigala ft. John Newman & Nile Rodgers - Give Me Your Love (Andy C Remix).mp3
Remixes,Sigala ft. John Newman & Nile Rodgers - Give Me Your Love (Andy C Remix).mp3,Remixes/Sigala ft. John Newman & Nile Rodgers - Give Me Your Love (Andy C Remix).mp3
2013,Chase & Status - Lost & Not Found (Ft. Louis M^ttrs) (Kove Remix).mp3,2013/Chase & Status - Lost & Not Found (Ft. Louis M^ttrs) (Kove Remix).mp3
Remixes,Chase & Status - Lost & Not Found (Ft. Louis M^ttrs) (Kove Remix).mp3,Remixes/Chase & Status - Lost & Not Found (Ft. Louis M^ttrs) (Kove Remix).mp3
2017,Memtrix - Numb Eye.mp3,2017/Memtrix - Numb Eye.mp3
2012,Drumsound & Bassline Smith - Lose Control.mp3,2012/Drumsound & Bassline Smith - Lose Control.mp3
2011,Drumsound & Bassline Smith - Lose Control.mp3,2011/Drumsound & Bassline Smith - Lose Control.mp3
2013,Sigma - Summer Calling (Ft. Taylor Fowlis) (Tantrum Desire Remix).mp3,2013/Sigma - Summer Calling (Ft. Taylor Fowlis) (Tantrum Desire Remix).mp3
Remixes,Sigma - Summer Calling (Ft. Taylor Fowlis) (Tantrum Desire Remix).mp3,Remixes/Sigma - Summer Calling (Ft. Taylor Fowlis) (Tantrum Desire Remix).mp3
Remixes,Sub Focus - Turn Back Time (Metrik Remix).mp3,Remixes/Sub Focus - Turn Back Time (Metrik Remix).mp3
2019,Kove - Le Retour.mp3,2019/Kove - Le Retour.mp3
Remixes,Ellis & Laura Brehm - Start Over (Kove Remix).mp3,Remixes/Ellis & Laura Brehm - Start Over (Kove Remix).mp3
2017,"TC - Where's My Money, Part 2 (_$P2).mp3","2017/TC - Where's My Money, Part 2 (_$P2).mp3"
2014,Karma - Terminal.mp3,2014/Karma - Terminal.mp3
2018,High Maintenance - Broken Pieces.mp3,2018/High Maintenance - Broken Pieces.mp3
2018,Youngman - Special (Prod. by Drumsound & Bassline Smith).mp3,2018/Youngman - Special (Prod. by Drumsound & Bassline Smith).mp3
2018,Flowidus - Don't Walk Away (ft. Edde).mp3,2018/Flowidus - Don't Walk Away (ft. Edde).mp3
2014,Dimension - Love To Me.mp3,2014/Dimension - Love To Me.mp3
Heavy,Sam Binga & Rider Shafique - Organic (Enei Remix).mp3,Heavy/Sam Binga & Rider Shafique - Organic (Enei Remix).mp3
Remixes,Sam Binga & Rider Shafique - Organic (Enei Remix).mp3,Remixes/Sam Binga & Rider Shafique - Organic (Enei Remix).mp3
2019,Sam Binga & Rider Shafique - Organic (Enei Remix).mp3,2019/Sam Binga & Rider Shafique - Organic (Enei Remix).mp3
2017,Smooth - Disco.mp3,2017/Smooth - Disco.mp3
2016,Imany - Don't Be So Shy (Cyantific Remix).mp3,2016/Imany - Don't Be So Shy (Cyantific Remix).mp3
Remixes,Imany - Don't Be So Shy (Cyantific Remix).mp3,Remixes/Imany - Don't Be So Shy (Cyantific Remix).mp3
2016,Friction - Dare (Hold It Down).mp3,2016/Friction - Dare (Hold It Down).mp3
2016,Kove - El Camino.mp3,2016/Kove - El Camino.mp3
2019,Hybrid Minds - In Your Arms (ft. Koven).mp3,2019/Hybrid Minds - In Your Arms (ft. Koven).mp3
2015,Rudimental - I Will For Love (Roni Size Remix).mp3,2015/Rudimental - I Will For Love (Roni Size Remix).mp3
Remixes,Rudimental - I Will For Love (Roni Size Remix).mp3,Remixes/Rudimental - I Will For Love (Roni Size Remix).mp3
2018,High Maintenance - No More Time.mp3,2018/High Maintenance - No More Time.mp3
2009,Zed Bias - Neighbourhood 09 (Logistics Remix).mp3,2009/Zed Bias - Neighbourhood 09 (Logistics Remix).mp3
Remixes,Zed Bias - Neighbourhood 09 (Logistics Remix).mp3,Remixes/Zed Bias - Neighbourhood 09 (Logistics Remix).mp3
2019,Metrik - Hackers.mp3,2019/Metrik - Hackers.mp3
2019,Grafix - Radiance.mp3,2019/Grafix - Radiance.mp3
2018,Logistics - Let The Senses Clear Your Mind.mp3,2018/Logistics - Let The Senses Clear Your Mind.mp3
Heavy,Calyx & TeeBee - Caution (ft. Ben Verse).mp3,Heavy/Calyx & TeeBee - Caution (ft. Ben Verse).mp3
2018,Calyx & TeeBee - Caution (ft. Ben Verse).mp3,2018/Calyx & TeeBee - Caution (ft. Ben Verse).mp3
2017,Loadstar - I Need The Night.mp3,2017/Loadstar - I Need The Night.mp3
2016,Sigma ft. Birdy - Find Me (Sigma VIP Remix).mp3,2016/Sigma ft. Birdy - Find Me (Sigma VIP Remix).mp3
Remixes,Sigma ft. Birdy - Find Me (Sigma VIP Remix).mp3,Remixes/Sigma ft. Birdy - Find Me (Sigma VIP Remix).mp3
2018,Polar Youth ft. Georgie Allen - All Night (Metrik Remix).mp3,2018/Polar Youth ft. Georgie Allen - All Night (Metrik Remix).mp3
Remixes,Polar Youth ft. Georgie Allen - All Night (Metrik Remix).mp3,Remixes/Polar Youth ft. Georgie Allen - All Night (Metrik Remix).mp3
2014,Foxes - Holding Onto Heaven (Kove Remix).mp3,2014/Foxes - Holding Onto Heaven (Kove Remix).mp3
Remixes,Foxes - Holding Onto Heaven (Kove Remix).mp3,Remixes/Foxes - Holding Onto Heaven (Kove Remix).mp3
Heavy,Calyx & TeeBee - Ghostwriter.mp3,Heavy/Calyx & TeeBee - Ghostwriter.mp3
2015,Calyx & TeeBee - Ghostwriter.mp3,2015/Calyx & TeeBee - Ghostwriter.mp3
Heavy,IllSkillz vs DKay - Codename Zero.mp3,Heavy/IllSkillz vs DKay - Codename Zero.mp3
2014,IllSkillz vs DKay - Codename Zero.mp3,2014/IllSkillz vs DKay - Codename Zero.mp3
2016,1991 - Dim Sum.mp3,2016/1991 - Dim Sum.mp3
Heavy,Calyx & TeeBee - A Day That Never Comes.mp3,Heavy/Calyx & TeeBee - A Day That Never Comes.mp3
2015,Calyx & TeeBee - A Day That Never Comes.mp3,2015/Calyx & TeeBee - A Day That Never Comes.mp3
2014,Netsky vs Metrik - Can't Speak (Ft. Stealth).mp3,2014/Netsky vs Metrik - Can't Speak (Ft. Stealth).mp3
2016,Kove - Bring Me Life (ft. Jonny Fears).mp3,2016/Kove - Bring Me Life (ft. Jonny Fears).mp3
2019,Maduk - Still In Love.mp3,2019/Maduk - Still In Love.mp3
2013,Shadow Child - Friday (Ft. Takura) (The Prototypes Remix).mp3,2013/Shadow Child - Friday (Ft. Takura) (The Prototypes Remix).mp3
Remixes,Shadow Child - Friday (Ft. Takura) (The Prototypes Remix).mp3,Remixes/Shadow Child - Friday (Ft. Takura) (The Prototypes Remix).mp3
2016,Tritonal - Blackout (ft. Steph Jones) (Cyantific Remix).mp3,2016/Tritonal - Blackout (ft. Steph Jones) (Cyantific Remix).mp3
Remixes,Tritonal - Blackout (ft. Steph Jones) (Cyantific Remix).mp3,Remixes/Tritonal - Blackout (ft. Steph Jones) (Cyantific Remix).mp3
2014,Ten Ven & Ripley vs Zebra Katz - 1 Bad Bitch (Kove Remix).mp3,2014/Ten Ven & Ripley vs Zebra Katz - 1 Bad Bitch (Kove Remix).mp3
Heavy,Ten Ven & Ripley vs Zebra Katz - 1 Bad Bitch (Kove Remix).mp3,Heavy/Ten Ven & Ripley vs Zebra Katz - 1 Bad Bitch (Kove Remix).mp3
Remixes,Ten Ven & Ripley vs Zebra Katz - 1 Bad Bitch (Kove Remix).mp3,Remixes/Ten Ven & Ripley vs Zebra Katz - 1 Bad Bitch (Kove Remix).mp3
2014,Taxman - Rebirth (Ft. Diane Charlemagne).mp3,2014/Taxman - Rebirth (Ft. Diane Charlemagne).mp3
Heavy,Culprate - Dawn.mp3,Heavy/Culprate - Dawn.mp3
2017,Culprate - Dawn.mp3,2017/Culprate - Dawn.mp3
Heavy,Metrik - Terminus.mp3,Heavy/Metrik - Terminus.mp3
2016,Metrik - Terminus.mp3,2016/Metrik - Terminus.mp3
2017,Hugh Hardie - Love Troubles.mp3,2017/Hugh Hardie - Love Troubles.mp3
2013,Memtrix - Numbers.mp3,2013/Memtrix - Numbers.mp3
2017,Mohican Sun - Defiance.mp3,2017/Mohican Sun - Defiance.mp3
Remixes,Camo & Krooked - Broken Pieces (ft. Nihils) (Culture Shock Remix).mp3,Remixes/Camo & Krooked - Broken Pieces (ft. Nihils) (Culture Shock Remix).mp3
2018,Camo & Krooked - Broken Pieces (ft. Nihils) (Culture Shock Remix).mp3,2018/Camo & Krooked - Broken Pieces (ft. Nihils) (Culture Shock Remix).mp3
2015,SCALES - Loves Got Me High (Koncept Remix).mp3,2015/SCALES - Loves Got Me High (Koncept Remix).mp3
Remixes,SCALES - Loves Got Me High (Koncept Remix).mp3,Remixes/SCALES - Loves Got Me High (Koncept Remix).mp3
2017,Origin Unknown - Valley of the Shadows (Chase & Status Remix).mp3,2017/Origin Unknown - Valley of the Shadows (Chase & Status Remix).mp3
Remixes,Origin Unknown - Valley of the Shadows (Chase & Status Remix).mp3,Remixes/Origin Unknown - Valley of the Shadows (Chase & Status Remix).mp3
2018,Friction - Commotion (ft. Jem Cooke).mp3,2018/Friction - Commotion (ft. Jem Cooke).mp3
2017,Stanton Warriors - Still Here (ft. Eska) (Fred V & Grafix Remix).mp3,2017/Stanton Warriors - Still Here (ft. Eska) (Fred V & Grafix Remix).mp3
Remixes,Stanton Warriors - Still Here (ft. Eska) (Fred V & Grafix Remix).mp3,Remixes/Stanton Warriors - Still Here (ft. Eska) (Fred V & Grafix Remix).mp3
2013,The Qemists - No More (Music Video).mp3,2013/The Qemists - No More (Music Video).mp3
2016,FVTE - Run Away (ft. Georgia Lewis).mp3,2016/FVTE - Run Away (ft. Georgia Lewis).mp3
2019,Upgrade - Won't Hold Back.mp3,2019/Upgrade - Won't Hold Back.mp3
2011,Technicolour & Komatic - Stay (Ft. Jayma).mp3,2011/Technicolour & Komatic - Stay (Ft. Jayma).mp3
2012,Technicolour & Komatic - Stay (Ft. Jayma).mp3,2012/Technicolour & Komatic - Stay (Ft. Jayma).mp3
Heavy,Mefjus - Mirage.mp3,Heavy/Mefjus - Mirage.mp3
2017,Mefjus - Mirage.mp3,2017/Mefjus - Mirage.mp3
Remixes,Leeroy Thornhill - Wait For Me (The Prototypes Remix).mp3,Remixes/Leeroy Thornhill - Wait For Me (The Prototypes Remix).mp3
2018,Leeroy Thornhill - Wait For Me (The Prototypes Remix).mp3,2018/Leeroy Thornhill - Wait For Me (The Prototypes Remix).mp3
Heavy,Metrik - Universal Language.mp3,Heavy/Metrik - Universal Language.mp3
2014,Metrik - Universal Language.mp3,2014/Metrik - Universal Language.mp3
2014,Gorgon City - Unmissable (Ft. Zak Abel) (Metrik Remix).mp3,2014/Gorgon City - Unmissable (Ft. Zak Abel) (Metrik Remix).mp3
Remixes,Gorgon City - Unmissable (Ft. Zak Abel) (Metrik Remix).mp3,Remixes/Gorgon City - Unmissable (Ft. Zak Abel) (Metrik Remix).mp3
Remixes,Wilkinson ft. Hayla - I Need (Wilkinson & Metrik Remix).mp3,Remixes/Wilkinson ft. Hayla - I Need (Wilkinson & Metrik Remix).mp3
2018,Wilkinson ft. Hayla - I Need (Wilkinson & Metrik Remix).mp3,2018/Wilkinson ft. Hayla - I Need (Wilkinson & Metrik Remix).mp3
2018,The Prodigy - Need Some1 (Friction Remix).mp3,2018/The Prodigy - Need Some1 (Friction Remix).mp3
Remixes,The Prodigy - Need Some1 (Friction Remix).mp3,Remixes/The Prodigy - Need Some1 (Friction Remix).mp3
2014,Tiesto - Red Lights (Blame Remix).mp3,2014/Tiesto - Red Lights (Blame Remix).mp3
Remixes,Tiesto - Red Lights (Blame Remix).mp3,Remixes/Tiesto - Red Lights (Blame Remix).mp3
2013,Daft Punk - Get Lucky (TC Bootleg).mp3,2013/Daft Punk - Get Lucky (TC Bootleg).mp3
2018,"Fatboy Slim - Right Here, Right Now (Friction & Killer Hertz Remix).mp3","2018/Fatboy Slim - Right Here, Right Now (Friction & Killer Hertz Remix).mp3"
Remixes,"Fatboy Slim - Right Here, Right Now (Friction & Killer Hertz Remix).mp3","Remixes/Fatboy Slim - Right Here, Right Now (Friction & Killer Hertz Remix).mp3"
2018,Brookes Brothers - Now I'm Found (Hillsdom Remix).mp3,2018/Brookes Brothers - Now I'm Found (Hillsdom Remix).mp3
Remixes,Brookes Brothers - Now I'm Found (Hillsdom Remix).mp3,Remixes/Brookes Brothers - Now I'm Found (Hillsdom Remix).mp3
2019,High Contrast - Days Go By (2019 Mix).mp3,2019/High Contrast - Days Go By (2019 Mix).mp3
2015,Carmada - Maybe (Fred V & Grafix Remix).mp3,2015/Carmada - Maybe (Fred V & Grafix Remix).mp3
Remixes,Carmada - Maybe (Fred V & Grafix Remix).mp3,Remixes/Carmada - Maybe (Fred V & Grafix Remix).mp3
Heavy,A.M.C - Courier.mp3,Heavy/A.M.C - Courier.mp3
2019,A.M.C - Courier.mp3,2019/A.M.C - Courier.mp3
2019,Culture Shock - Renaissance.mp3,2019/Culture Shock - Renaissance.mp3
2014,Oliver $ & Jimi Jules - Pushing On (Delta Heavy Remix).mp3,2014/Oliver $ & Jimi Jules - Pushing On (Delta Heavy Remix).mp3
Remixes,Oliver $ & Jimi Jules - Pushing On (Delta Heavy Remix).mp3,Remixes/Oliver $ & Jimi Jules - Pushing On (Delta Heavy Remix).mp3
2014,Dimension - Crowd Reaction (VIP).mp3,2014/Dimension - Crowd Reaction (VIP).mp3
Heavy,Dimension - Crowd Reaction (VIP).mp3,Heavy/Dimension - Crowd Reaction (VIP).mp3
2017,High Maintenance - Collide (ft. Cavalier).mp3,2017/High Maintenance - Collide (ft. Cavalier).mp3
2018,Joe Ford - Where Is The Sun.mp3,2018/Joe Ford - Where Is The Sun.mp3
2016,Cyantific - Outatime.mp3,2016/Cyantific - Outatime.mp3
2015,Cyantific - Outatime.mp3,2015/Cyantific - Outatime.mp3
2018,Smooth - Can't Stop.mp3,2018/Smooth - Can't Stop.mp3
Heavy,Mefjus - Blitz.mp3,Heavy/Mefjus - Blitz.mp3
2015,Mefjus - Blitz.mp3,2015/Mefjus - Blitz.mp3
2016,1991 - Jungle Cats.mp3,2016/1991 - Jungle Cats.mp3
2014,I Am Legion - Make Those Move (Teddy Killerz Remix).mp3,2014/I Am Legion - Make Those Move (Teddy Killerz Remix).mp3
Heavy,I Am Legion - Make Those Move (Teddy Killerz Remix).mp3,Heavy/I Am Legion - Make Those Move (Teddy Killerz Remix).mp3
Remixes,I Am Legion - Make Those Move (Teddy Killerz Remix).mp3,Remixes/I Am Legion - Make Those Move (Teddy Killerz Remix).mp3
Heavy,Mefjus - If I Could (Loadstar Remix).mp3,Heavy/Mefjus - If I Could (Loadstar Remix).mp3
Remixes,Mefjus - If I Could (Loadstar Remix).mp3,Remixes/Mefjus - If I Could (Loadstar Remix).mp3
2018,Mefjus - If I Could (Loadstar Remix).mp3,2018/Mefjus - If I Could (Loadstar Remix).mp3
Heavy,Joe Ford - Guess What.mp3,Heavy/Joe Ford - Guess What.mp3
2017,Joe Ford - Guess What.mp3,2017/Joe Ford - Guess What.mp3
Remixes,Example - 10 Million People (Kove Remix).mp3,Remixes/Example - 10 Million People (Kove Remix).mp3
2010,Savage Rehab - New Dawn (Roll Out Of Bed Mix).mp3,2010/Savage Rehab - New Dawn (Roll Out Of Bed Mix).mp3
2013,Stylo G - Soundbwoy (Sigma Remix).mp3,2013/Stylo G - Soundbwoy (Sigma Remix).mp3
Remixes,Stylo G - Soundbwoy (Sigma Remix).mp3,Remixes/Stylo G - Soundbwoy (Sigma Remix).mp3
2015,Maduk - How Could You.mp3,2015/Maduk - How Could You.mp3
2016,The Prototypes - Fallen (ft. Donae'o) (The Prototypes vs. Teddy Killerz Remix).mp3,2016/The Prototypes - Fallen (ft. Donae'o) (The Prototypes vs. Teddy Killerz Remix).mp3
Heavy,The Prototypes - Fallen (ft. Donae'o) (The Prototypes vs. Teddy Killerz Remix).mp3,Heavy/The Prototypes - Fallen (ft. Donae'o) (The Prototypes vs. Teddy Killerz Remix).mp3
Remixes,The Prototypes - Fallen (ft. Donae'o) (The Prototypes vs. Teddy Killerz Remix).mp3,Remixes/The Prototypes - Fallen (ft. Donae'o) (The Prototypes vs. Teddy Killerz Remix).mp3
2015,Dawn Wall - Spears.mp3,2015/Dawn Wall - Spears.mp3
2013,Smooth - The Sky's Gonna Break (Ft. Shaz Sparks).mp3,2013/Smooth - The Sky's Gonna Break (Ft. Shaz Sparks).mp3
Heavy,Modestep - Machines (Mefjus Remix).mp3,Heavy/Modestep - Machines (Mefjus Remix).mp3
2015,Modestep - Machines (Mefjus Remix).mp3,2015/Modestep - Machines (Mefjus Remix).mp3
Remixes,Modestep - Machines (Mefjus Remix).mp3,Remixes/Modestep - Machines (Mefjus Remix).mp3
2014,Logistics - Somersaults.mp3,2014/Logistics - Somersaults.mp3
2013,Mike Mago - The Show (Friction Remix).mp3,2013/Mike Mago - The Show (Friction Remix).mp3
Remixes,Mike Mago - The Show (Friction Remix).mp3,Remixes/Mike Mago - The Show (Friction Remix).mp3
2015,Rae Morris - Love Again (Rene LaVice's UGLY Remix).mp3,2015/Rae Morris - Love Again (Rene LaVice's UGLY Remix).mp3
Remixes,Rae Morris - Love Again (Rene LaVice's UGLY Remix).mp3,Remixes/Rae Morris - Love Again (Rene LaVice's UGLY Remix).mp3
2017,The Prototypes - Electric.mp3,2017/The Prototypes - Electric.mp3
Remixes,SpectraSoul - Organiser (Circuits Rewire).mp3,Remixes/SpectraSoul - Organiser (Circuits Rewire).mp3
2018,SpectraSoul - Organiser (Circuits Rewire).mp3,2018/SpectraSoul - Organiser (Circuits Rewire).mp3
2017,Youngman - Spinning (Sunrise Mix).mp3,2017/Youngman - Spinning (Sunrise Mix).mp3
2017,Artificial Intelligence - Ask Yourself.mp3,2017/Artificial Intelligence - Ask Yourself.mp3
Heavy,Calyx & TeeBee - War Dub.mp3,Heavy/Calyx & TeeBee - War Dub.mp3
2019,Calyx & TeeBee - War Dub.mp3,2019/Calyx & TeeBee - War Dub.mp3
2014,DC Breaks - Shakedown.mp3,2014/DC Breaks - Shakedown.mp3
Heavy,DC Breaks - Shakedown.mp3,Heavy/DC Breaks - Shakedown.mp3
2013,John Newman - Love Me Again (Kove Remix).mp3,2013/John Newman - Love Me Again (Kove Remix).mp3
Remixes,John Newman - Love Me Again (Kove Remix).mp3,Remixes/John Newman - Love Me Again (Kove Remix).mp3
Remixes,Drumsound & Bassline Smith - Cold Turkey (Tantrum Desire Remix).mp3,Remixes/Drumsound & Bassline Smith - Cold Turkey (Tantrum Desire Remix).mp3
2019,Drumsound & Bassline Smith - Cold Turkey (Tantrum Desire Remix).mp3,2019/Drumsound & Bassline Smith - Cold Turkey (Tantrum Desire Remix).mp3
2016,Noisia - Into Dust.mp3,2016/Noisia - Into Dust.mp3
Heavy,Drumsound & Bassline Smith vs. Teddy Killerz - Metal & Blood.mp3,Heavy/Drumsound & Bassline Smith vs. Teddy Killerz - Metal & Blood.mp3
2018,Drumsound & Bassline Smith vs. Teddy Killerz - Metal & Blood.mp3,2018/Drumsound & Bassline Smith vs. Teddy Killerz - Metal & Blood.mp3
2017,"Cyantific - Outatime, Part 2.mp3","2017/Cyantific - Outatime, Part 2.mp3"
2009,MC Skibadee Feat. Rachel Wallace (Produced by erb N dub) - All Of My Junglists.mp3,2009/MC Skibadee Feat. Rachel Wallace (Produced by erb N dub) - All Of My Junglists.mp3
2014,Zombie Cats & Mefjus - Must Eat.mp3,2014/Zombie Cats & Mefjus - Must Eat.mp3
Heavy,PhaseOne - Lost (ft. Koven).mp3,Heavy/PhaseOne - Lost (ft. Koven).mp3
2019,PhaseOne - Lost (ft. Koven).mp3,2019/PhaseOne - Lost (ft. Koven).mp3
Remixes,MJ Cole - Pictures In My Head (High Contrast Remix).mp3,Remixes/MJ Cole - Pictures In My Head (High Contrast Remix).mp3
2017,MJ Cole - Pictures In My Head (High Contrast Remix).mp3,2017/MJ Cole - Pictures In My Head (High Contrast Remix).mp3
2016,Original Sin - Red Mist.mp3,2016/Original Sin - Red Mist.mp3
2014,Andy C & Fiora - Heartbeat Loud (Andy C VIP).mp3,2014/Andy C & Fiora - Heartbeat Loud (Andy C VIP).mp3
Heavy,Andy C & Fiora - Heartbeat Loud (Andy C VIP).mp3,Heavy/Andy C & Fiora - Heartbeat Loud (Andy C VIP).mp3
Heavy,Delta Heavy - Gargantua.mp3,Heavy/Delta Heavy - Gargantua.mp3
2017,Delta Heavy - Gargantua.mp3,2017/Delta Heavy - Gargantua.mp3
2014,SpectraSoul - Light In The Dark (Etherwood Remix).mp3,2014/SpectraSoul - Light In The Dark (Etherwood Remix).mp3
Remixes,SpectraSoul - Light In The Dark (Etherwood Remix).mp3,Remixes/SpectraSoul - Light In The Dark (Etherwood Remix).mp3
2017,SpectraSoul - Second Chance.mp3,2017/SpectraSoul - Second Chance.mp3
2017,Varcity - Joy In Me (Ekko & Sidetrack Remix).mp3,2017/Varcity - Joy In Me (Ekko & Sidetrack Remix).mp3
Remixes,Varcity - Joy In Me (Ekko & Sidetrack Remix).mp3,Remixes/Varcity - Joy In Me (Ekko & Sidetrack Remix).mp3
Heavy,Brookes Brothers - Every Minute (InsideInfo Remix).mp3,Heavy/Brookes Brothers - Every Minute (InsideInfo Remix).mp3
2018,Brookes Brothers - Every Minute (InsideInfo Remix).mp3,2018/Brookes Brothers - Every Minute (InsideInfo Remix).mp3
Remixes,Brookes Brothers - Every Minute (InsideInfo Remix).mp3,Remixes/Brookes Brothers - Every Minute (InsideInfo Remix).mp3
Remixes,Sigma - Beyond The Wall (The Prototypes Remix).mp3,Remixes/Sigma - Beyond The Wall (The Prototypes Remix).mp3
2014,Hugh Hardie - Colourful Language.mp3,2014/Hugh Hardie - Colourful Language.mp3
2015,Pennygiles & Sevin - I'm Sorry.mp3,2015/Pennygiles & Sevin - I'm Sorry.mp3
Heavy,Calyx & TeeBee - Conquest.mp3,Heavy/Calyx & TeeBee - Conquest.mp3
2017,Calyx & TeeBee - Conquest.mp3,2017/Calyx & TeeBee - Conquest.mp3
2013,Eavesdrop - What Do They Know (Ft. Tali).mp3,2013/Eavesdrop - What Do They Know (Ft. Tali).mp3
2018,Feint - Mirror Signal.mp3,2018/Feint - Mirror Signal.mp3
2019,Audio - Frog March.mp3,2019/Audio - Frog March.mp3
2014,Klangkarussell - Falls Like Rain (Camo & Krooked Remix).mp3,2014/Klangkarussell - Falls Like Rain (Camo & Krooked Remix).mp3
Remixes,Klangkarussell - Falls Like Rain (Camo & Krooked Remix).mp3,Remixes/Klangkarussell - Falls Like Rain (Camo & Krooked Remix).mp3
2019,Sub Focus & Wilkinson - Illuminate.mp3,2019/Sub Focus & Wilkinson - Illuminate.mp3
Heavy,S.P.Y - Hardcore Harry.mp3,Heavy/S.P.Y - Hardcore Harry.mp3
2017,S.P.Y - Hardcore Harry.mp3,2017/S.P.Y - Hardcore Harry.mp3
Heavy,Proxima - Wubba Lubba.mp3,Heavy/Proxima - Wubba Lubba.mp3
2018,Proxima - Wubba Lubba.mp3,2018/Proxima - Wubba Lubba.mp3
2019,Grafix - Break The Cycle.mp3,2019/Grafix - Break The Cycle.mp3
2017,Nu_Logic - Pathways (ft. BLAKE).mp3,2017/Nu_Logic - Pathways (ft. BLAKE).mp3
2019,Bensley ft. Skyelle - One Last Chance (Remix).mp3,2019/Bensley ft. Skyelle - One Last Chance (Remix).mp3
Remixes,Bensley ft. Skyelle - One Last Chance (Remix).mp3,Remixes/Bensley ft. Skyelle - One Last Chance (Remix).mp3
2019,Grafix - Refuge (ft. Ruth Royall).mp3,2019/Grafix - Refuge (ft. Ruth Royall).mp3
2018,Dimension - Techno.mp3,2018/Dimension - Techno.mp3
2015,Etherwood - Sunlight Splinters.mp3,2015/Etherwood - Sunlight Splinters.mp3
2013,Sigma - Rudeboy (ft. Doktor).mp3,2013/Sigma - Rudeboy (ft. Doktor).mp3
2015,Bassnectar & G. Jones - The Mystery Spot.mp3,2015/Bassnectar & G. Jones - The Mystery Spot.mp3
2014,I See MONSTAS - Circles.mp3,2014/I See MONSTAS - Circles.mp3
2019,1991 - Guiding Light.mp3,2019/1991 - Guiding Light.mp3
Remixes,Ed Sheeran - Lego House (The Prototypes Remix).mp3,Remixes/Ed Sheeran - Lego House (The Prototypes Remix).mp3
2014,Bachelors of Science - Don't Hold Back (Ft. Dylan Germick).mp3,2014/Bachelors of Science - Don't Hold Back (Ft. Dylan Germick).mp3
2011,Aeph - One Last Chance.mp3,2011/Aeph - One Last Chance.mp3
2012,Aeph - One Last Chance.mp3,2012/Aeph - One Last Chance.mp3
2015,Current Value - Loner.mp3,2015/Current Value - Loner.mp3
Heavy,Current Value - Loner.mp3,Heavy/Current Value - Loner.mp3
2014,Memtrix - Ethereal.mp3,2014/Memtrix - Ethereal.mp3
2013,Donae'O - Fire (The Prototypes Remix).mp3,2013/Donae'O - Fire (The Prototypes Remix).mp3
Remixes,Donae'O - Fire (The Prototypes Remix).mp3,Remixes/Donae'O - Fire (The Prototypes Remix).mp3
2009,J Majik & Wickaman - Flatline.mp3,2009/J Majik & Wickaman - Flatline.mp3
2019,Zeds Dead x Delta Heavy - Lift You Up.mp3,2019/Zeds Dead x Delta Heavy - Lift You Up.mp3
Remixes,PNAU - Solid Gold (Friction Remix).mp3,Remixes/PNAU - Solid Gold (Friction Remix).mp3
2019,PNAU - Solid Gold (Friction Remix).mp3,2019/PNAU - Solid Gold (Friction Remix).mp3
2016,Wilkinson - Brand New.mp3,2016/Wilkinson - Brand New.mp3
2013,Neonlight - Power Hour.mp3,2013/Neonlight - Power Hour.mp3
2012,LSB - Overthinking (Ft. Sian Sanderson).mp3,2012/LSB - Overthinking (Ft. Sian Sanderson).mp3
2011,LSB - Overthinking (Ft. Sian Sanderson).mp3,2011/LSB - Overthinking (Ft. Sian Sanderson).mp3
2017,Camo & Krooked - Mandala (ft. Mefjus).mp3,2017/Camo & Krooked - Mandala (ft. Mefjus).mp3
2019,The Prototypes - Into The Night.mp3,2019/The Prototypes - Into The Night.mp3
Remixes,Ephemerals - Life Is Good (Technimatic Remix).mp3,Remixes/Ephemerals - Life Is Good (Technimatic Remix).mp3
Heavy,Kanine - Calculate.mp3,Heavy/Kanine - Calculate.mp3
2019,Kanine - Calculate.mp3,2019/Kanine - Calculate.mp3
2010,Lauren Pritchard - Painkillers (Roni Size Remix).mp3,2010/Lauren Pritchard - Painkillers (Roni Size Remix).mp3
Remixes,Lauren Pritchard - Painkillers (Roni Size Remix).mp3,Remixes/Lauren Pritchard - Painkillers (Roni Size Remix).mp3
2016,Dimension - Hydraulic.mp3,2016/Dimension - Hydraulic.mp3
Heavy,Dimension - Hydraulic.mp3,Heavy/Dimension - Hydraulic.mp3
Heavy,Drumsound & Bassline Smith - Jungle All The Way.mp3,Heavy/Drumsound & Bassline Smith - Jungle All The Way.mp3
2018,Drumsound & Bassline Smith - Jungle All The Way.mp3,2018/Drumsound & Bassline Smith - Jungle All The Way.mp3
2016,Kaskade & CID - Us (Delta Heavy Remix).mp3,2016/Kaskade & CID - Us (Delta Heavy Remix).mp3
Remixes,Kaskade & CID - Us (Delta Heavy Remix).mp3,Remixes/Kaskade & CID - Us (Delta Heavy Remix).mp3
2013,Major Look - Too Late.mp3,2013/Major Look - Too Late.mp3
2018,Sub Focus & Dimension - Desire.mp3,2018/Sub Focus & Dimension - Desire.mp3
2018,Wilkinson - Decompression.mp3,2018/Wilkinson - Decompression.mp3
2009,Sub Focus - Vapourise.mp3,2009/Sub Focus - Vapourise.mp3
2018,ShockOne ft. Cecil - Underloved (Ekko & Sidetrack Remix).mp3,2018/ShockOne ft. Cecil - Underloved (Ekko & Sidetrack Remix).mp3
Remixes,ShockOne ft. Cecil - Underloved (Ekko & Sidetrack Remix).mp3,Remixes/ShockOne ft. Cecil - Underloved (Ekko & Sidetrack Remix).mp3
2016,Kove - Into The Fire (ft. Folly Rae).mp3,2016/Kove - Into The Fire (ft. Folly Rae).mp3
2019,Flava D - Return To Me.mp3,2019/Flava D - Return To Me.mp3
Remixes,Nero - Crush On You (Knife Party Remix).mp3,Remixes/Nero - Crush On You (Knife Party Remix).mp3
2014,Break - Groove With It.mp3,2014/Break - Groove With It.mp3
Heavy,Break - Groove With It.mp3,Heavy/Break - Groove With It.mp3
2016,Urbandawn - Prime Expansion.mp3,2016/Urbandawn - Prime Expansion.mp3
2015,Dub Motion - Mercury.mp3,2015/Dub Motion - Mercury.mp3
2015,Ekko & Sidetrack - Alone Without You (ft. Samahra Eames).mp3,2015/Ekko & Sidetrack - Alone Without You (ft. Samahra Eames).mp3
2010,Camo & Krooked - Climax.mp3,2010/Camo & Krooked - Climax.mp3
2010,Camo & Krooked - Tonight.mp3,2010/Camo & Krooked - Tonight.mp3
2019,Ganja White Night x Dirt Monkey - No Escape (Doctor P Remix).mp3,2019/Ganja White Night x Dirt Monkey - No Escape (Doctor P Remix).mp3
Remixes,Ganja White Night x Dirt Monkey - No Escape (Doctor P Remix).mp3,Remixes/Ganja White Night x Dirt Monkey - No Escape (Doctor P Remix).mp3
2016,Dimension - Automatik.mp3,2016/Dimension - Automatik.mp3
2012,Hadouken! - Bad Signal (The Prototypes Remix).mp3,2012/Hadouken! - Bad Signal (The Prototypes Remix).mp3
2011,Hadouken! - Bad Signal (The Prototypes Remix).mp3,2011/Hadouken! - Bad Signal (The Prototypes Remix).mp3
2011,Jack Beats - You Should Know (Ft. Donae'o) (Friction Remix).mp3,2011/Jack Beats - You Should Know (Ft. Donae'o) (Friction Remix).mp3
2012,Jack Beats - You Should Know (Ft. Donae'o) (Friction Remix).mp3,2012/Jack Beats - You Should Know (Ft. Donae'o) (Friction Remix).mp3
Remixes,Hadouken! - Bad Signal (The Prototypes Remix).mp3,Remixes/Hadouken! - Bad Signal (The Prototypes Remix).mp3
Remixes,Jack Beats - You Should Know (Ft. Donae'o) (Friction Remix).mp3,Remixes/Jack Beats - You Should Know (Ft. Donae'o) (Friction Remix).mp3
2018,T & Sugah - Time (ft. Bensley & C.).mp3,2018/T & Sugah - Time (ft. Bensley & C.).mp3
2015,Dimension - Pull Me Under (ft. Raphaella).mp3,2015/Dimension - Pull Me Under (ft. Raphaella).mp3
2016,Andy C - New Era.mp3,2016/Andy C - New Era.mp3
2014,Dimension - Crowd Reaction.mp3,2014/Dimension - Crowd Reaction.mp3
2016,Mat Zo - Sinful (ft. I See Monstas) (Teddy Killerz Remix).mp3,2016/Mat Zo - Sinful (ft. I See Monstas) (Teddy Killerz Remix).mp3
Remixes,Mat Zo - Sinful (ft. I See Monstas) (Teddy Killerz Remix).mp3,Remixes/Mat Zo - Sinful (ft. I See Monstas) (Teddy Killerz Remix).mp3
2015,BMotion - Bear Hug.mp3,2015/BMotion - Bear Hug.mp3
2013,The Family Rain - Feel Better (FRANK) (Mind Vortex Remix).mp3,2013/The Family Rain - Feel Better (FRANK) (Mind Vortex Remix).mp3
Remixes,The Family Rain - Feel Better (FRANK) (Mind Vortex Remix).mp3,Remixes/The Family Rain - Feel Better (FRANK) (Mind Vortex Remix).mp3
2017,Wilkinson & Dimension - Rush.mp3,2017/Wilkinson & Dimension - Rush.mp3
2012,DJ Fresh - Hot Right Now (Ft. Rita Ora) (Camo & Krooked Remix).mp3,2012/DJ Fresh - Hot Right Now (Ft. Rita Ora) (Camo & Krooked Remix).mp3
2011,DJ Fresh - Hot Right Now (Ft. Rita Ora) (Camo & Krooked Remix).mp3,2011/DJ Fresh - Hot Right Now (Ft. Rita Ora) (Camo & Krooked Remix).mp3
Remixes,DJ Fresh - Hot Right Now (Ft. Rita Ora) (Camo & Krooked Remix).mp3,Remixes/DJ Fresh - Hot Right Now (Ft. Rita Ora) (Camo & Krooked Remix).mp3
2010,L.A.O.S. - Fire On Water.mp3,2010/L.A.O.S. - Fire On Water.mp3
2016,Dan Dakota - Try Not To Worry.mp3,2016/Dan Dakota - Try Not To Worry.mp3
2015,Grum - Straight To Your Heart (Legion & Logam Remix).mp3,2015/Grum - Straight To Your Heart (Legion & Logam Remix).mp3
Remixes,Grum - Straight To Your Heart (Legion & Logam Remix).mp3,Remixes/Grum - Straight To Your Heart (Legion & Logam Remix).mp3
Heavy,Mefjus & Kasra - Conversion.mp3,Heavy/Mefjus & Kasra - Conversion.mp3
2017,Mefjus & Kasra - Conversion.mp3,2017/Mefjus & Kasra - Conversion.mp3
Remixes,Emeli Sandé - Daddy (Fred V & Grafix Remix).mp3,Remixes/Emeli Sandé - Daddy (Fred V & Grafix Remix).mp3
Heavy,Kanine - Dubplate Soldier.mp3,Heavy/Kanine - Dubplate Soldier.mp3
2019,Kanine - Dubplate Soldier.mp3,2019/Kanine - Dubplate Soldier.mp3
Heavy,Calyx & TeeBee - Scaramanga (ft. Mortlock).mp3,Heavy/Calyx & TeeBee - Scaramanga (ft. Mortlock).mp3
2017,Calyx & TeeBee - Scaramanga (ft. Mortlock).mp3,2017/Calyx & TeeBee - Scaramanga (ft. Mortlock).mp3
2010,Task Horizon - Focused Locust.mp3,2010/Task Horizon - Focused Locust.mp3
2019,Edlan x Djah - Fragile.mp3,2019/Edlan x Djah - Fragile.mp3
Heavy,Mefjus - Pivot (Camo & Krooked Remix).mp3,Heavy/Mefjus - Pivot (Camo & Krooked Remix).mp3
Remixes,Mefjus - Pivot (Camo & Krooked Remix).mp3,Remixes/Mefjus - Pivot (Camo & Krooked Remix).mp3
2018,Mefjus - Pivot (Camo & Krooked Remix).mp3,2018/Mefjus - Pivot (Camo & Krooked Remix).mp3
2010,Medics - Take Me Away.mp3,2010/Medics - Take Me Away.mp3
2018,Submorphics - Weather It Out (ft. Steo).mp3,2018/Submorphics - Weather It Out (ft. Steo).mp3
2016,Nymfo & Riya - Something Tells Me.mp3,2016/Nymfo & Riya - Something Tells Me.mp3
2015,Ownglow - All Black.mp3,2015/Ownglow - All Black.mp3
2013,Amplify Dot - I'm Good (Ft. Busta Rhymes) (Dub Motion Remix).mp3,2013/Amplify Dot - I'm Good (Ft. Busta Rhymes) (Dub Motion Remix).mp3
Remixes,Amplify Dot - I'm Good (Ft. Busta Rhymes) (Dub Motion Remix).mp3,Remixes/Amplify Dot - I'm Good (Ft. Busta Rhymes) (Dub Motion Remix).mp3
2018,Upgrade - Popular.mp3,2018/Upgrade - Popular.mp3
2015,Dawn Wall - Simple Mind.mp3,2015/Dawn Wall - Simple Mind.mp3
2018,Danny Byrd & Maduk - Better Life (ft. I-Kay).mp3,2018/Danny Byrd & Maduk - Better Life (ft. I-Kay).mp3
2014,Caspa - Reach For The Sky (Ft. Diane Charlemagne) (Break Remix).mp3,2014/Caspa - Reach For The Sky (Ft. Diane Charlemagne) (Break Remix).mp3
Remixes,Caspa - Reach For The Sky (Ft. Diane Charlemagne) (Break Remix).mp3,Remixes/Caspa - Reach For The Sky (Ft. Diane Charlemagne) (Break Remix).mp3
2014,Jacob Banks - Move With You (High Contrast Remix).mp3,2014/Jacob Banks - Move With You (High Contrast Remix).mp3
Remixes,Jacob Banks - Move With You (High Contrast Remix).mp3,Remixes/Jacob Banks - Move With You (High Contrast Remix).mp3
Heavy,Fourward - Elektrik.mp3,Heavy/Fourward - Elektrik.mp3
2015,Fourward - Elektrik.mp3,2015/Fourward - Elektrik.mp3
2016,Ownglow - Angels Sing.mp3,2016/Ownglow - Angels Sing.mp3
2019,Operate - By Chance.mp3,2019/Operate - By Chance.mp3
2014,Icicle - The Edge (Ft. Metropolis).mp3,2014/Icicle - The Edge (Ft. Metropolis).mp3
2019,Metrik - Gravity.mp3,2019/Metrik - Gravity.mp3
2014,Arches - There's a Place (Dimension Remix).mp3,2014/Arches - There's a Place (Dimension Remix).mp3
Remixes,Arches - There's a Place (Dimension Remix).mp3,Remixes/Arches - There's a Place (Dimension Remix).mp3
2018,Dawn Wall - Rain God.mp3,2018/Dawn Wall - Rain God.mp3
2015,Friction vs Dimension - Kinetic.mp3,2015/Friction vs Dimension - Kinetic.mp3
2013,Dr Meaker - Don't Think It's Love (Ft. Romaine Smith).mp3,2013/Dr Meaker - Don't Think It's Love (Ft. Romaine Smith).mp3
Remixes,Tantrum Desire - Reach (The Prototypes Remix).mp3,Remixes/Tantrum Desire - Reach (The Prototypes Remix).mp3
2019,Tantrum Desire - Reach (The Prototypes Remix).mp3,2019/Tantrum Desire - Reach (The Prototypes Remix).mp3
2018,Fox Stevenson - Glue Gun.mp3,2018/Fox Stevenson - Glue Gun.mp3
2014,Sigma - Nobody To Love (Sigma's Future Jungle Mix).mp3,2014/Sigma - Nobody To Love (Sigma's Future Jungle Mix).mp3
Remixes,Amy Steele - Long Way Home (Rockwell Remix).mp3,Remixes/Amy Steele - Long Way Home (Rockwell Remix).mp3
2016,Kove - The Silence.mp3,2016/Kove - The Silence.mp3
2019,Skeptical - Musket.mp3,2019/Skeptical - Musket.mp3
2015,Mob Tactics - Neon God (ft. Joell Fender).mp3,2015/Mob Tactics - Neon God (ft. Joell Fender).mp3
2016,Friction - All Nite.mp3,2016/Friction - All Nite.mp3
2014,MK - Always (Ft. Alana) (Friction Remix).mp3,2014/MK - Always (Ft. Alana) (Friction Remix).mp3
Remixes,MK - Always (Ft. Alana) (Friction Remix).mp3,Remixes/MK - Always (Ft. Alana) (Friction Remix).mp3
2018,Macky Gee - Fever (ft. DJ Zinc).mp3,2018/Macky Gee - Fever (ft. DJ Zinc).mp3
Remixes,Nero - Reaching Out (Wilkinson Remix).mp3,Remixes/Nero - Reaching Out (Wilkinson Remix).mp3
2017,T & Sugah - Sleepless (ft. MVE).mp3,2017/T & Sugah - Sleepless (ft. MVE).mp3
2015,KOAN Sound - Forgotten Myths.mp3,2015/KOAN Sound - Forgotten Myths.mp3
Heavy,KOAN Sound - Forgotten Myths.mp3,Heavy/KOAN Sound - Forgotten Myths.mp3
2017,Memro - Altitude (Maduk Remix).mp3,2017/Memro - Altitude (Maduk Remix).mp3
Remixes,Memro - Altitude (Maduk Remix).mp3,Remixes/Memro - Altitude (Maduk Remix).mp3
2015,Stanton Warriors - The One (Danny Byrd Remix).mp3,2015/Stanton Warriors - The One (Danny Byrd Remix).mp3
Remixes,Stanton Warriors - The One (Danny Byrd Remix).mp3,Remixes/Stanton Warriors - The One (Danny Byrd Remix).mp3
2013,Wilkinson - Afterglow (Cyantific Remix).mp3,2013/Wilkinson - Afterglow (Cyantific Remix).mp3
Remixes,Wilkinson - Afterglow (Cyantific Remix).mp3,Remixes/Wilkinson - Afterglow (Cyantific Remix).mp3
2016,Delta Heavy - White Flag VIP.mp3,2016/Delta Heavy - White Flag VIP.mp3
2015,Demo & Cease - Ladies Night (Drumsound & Bassline Smith VIP).mp3,2015/Demo & Cease - Ladies Night (Drumsound & Bassline Smith VIP).mp3
Remixes,Demo & Cease - Ladies Night (Drumsound & Bassline Smith VIP).mp3,Remixes/Demo & Cease - Ladies Night (Drumsound & Bassline Smith VIP).mp3
Remixes,Example - Midnight Run (Wilkinson Remix).mp3,Remixes/Example - Midnight Run (Wilkinson Remix).mp3
2018,Culture Shock - There For You.mp3,2018/Culture Shock - There For You.mp3
Heavy,Audio - Frog March.mp3,Heavy/Audio - Frog March.mp3
2016,1991 - Nine Clouds.mp3,2016/1991 - Nine Clouds.mp3
Remixes,Ed Sheeran - Lego House (Goldie Remix) (Stickle Brick Edit).mp3,Remixes/Ed Sheeran - Lego House (Goldie Remix) (Stickle Brick Edit).mp3
2019,Technimatic - The Nightfall (ft. Jono McCleery).mp3,2019/Technimatic - The Nightfall (ft. Jono McCleery).mp3
2013,Mutated Forms - Swamp.mp3,2013/Mutated Forms - Swamp.mp3
2013,Amy Steele - Eyes On You (SpectraSoul Remix).mp3,2013/Amy Steele - Eyes On You (SpectraSoul Remix).mp3
Remixes,Amy Steele - Eyes On You (SpectraSoul Remix).mp3,Remixes/Amy Steele - Eyes On You (SpectraSoul Remix).mp3
2014,"Keeno - Another Night, Another Day.mp3","2014/Keeno - Another Night, Another Day.mp3"
2014,Route 94 - My Love (Ft. Jess Glynne) (Sigma Remix).mp3,2014/Route 94 - My Love (Ft. Jess Glynne) (Sigma Remix).mp3
Remixes,Route 94 - My Love (Ft. Jess Glynne) (Sigma Remix).mp3,Remixes/Route 94 - My Love (Ft. Jess Glynne) (Sigma Remix).mp3
2018,Hybrid Minds - Wasted (ft. Grimm).mp3,2018/Hybrid Minds - Wasted (ft. Grimm).mp3
2017,Camo & Krooked - Witchdoctor.mp3,2017/Camo & Krooked - Witchdoctor.mp3
2011,Dimension - Children (Rollz Remix).mp3,2011/Dimension - Children (Rollz Remix).mp3
2012,Dimension - Children (Rollz Remix).mp3,2012/Dimension - Children (Rollz Remix).mp3
Remixes,Dimension - Children (Rollz Remix).mp3,Remixes/Dimension - Children (Rollz Remix).mp3
2015,Mutated Forms - Let You Go.mp3,2015/Mutated Forms - Let You Go.mp3
Heavy,Krakota x Urbandawn - Focus Shift.mp3,Heavy/Krakota x Urbandawn - Focus Shift.mp3
2017,Krakota x Urbandawn - Focus Shift.mp3,2017/Krakota x Urbandawn - Focus Shift.mp3
Heavy,Emperor & Mefjus - Disrupted (Mefjus VIP).mp3,Heavy/Emperor & Mefjus - Disrupted (Mefjus VIP).mp3
2017,Emperor & Mefjus - Disrupted (Mefjus VIP).mp3,2017/Emperor & Mefjus - Disrupted (Mefjus VIP).mp3
2015,Philip George - Wish You Were Mine (Dexcell Remix).mp3,2015/Philip George - Wish You Were Mine (Dexcell Remix).mp3
Remixes,Philip George - Wish You Were Mine (Dexcell Remix).mp3,Remixes/Philip George - Wish You Were Mine (Dexcell Remix).mp3
2014,Memtrix - So Alive.mp3,2014/Memtrix - So Alive.mp3
2018,Satl - Everything Anything.mp3,2018/Satl - Everything Anything.mp3
Remixes,Friction & JP Cooper - Dancing (Dawn Wall Remix).mp3,Remixes/Friction & JP Cooper - Dancing (Dawn Wall Remix).mp3
2018,Friction & JP Cooper - Dancing (Dawn Wall Remix).mp3,2018/Friction & JP Cooper - Dancing (Dawn Wall Remix).mp3
2014,Safire & Amoss - 4th State (Ft. Gusto) (Icicle Remix).mp3,2014/Safire & Amoss - 4th State (Ft. Gusto) (Icicle Remix).mp3
Remixes,Safire & Amoss - 4th State (Ft. Gusto) (Icicle Remix).mp3,Remixes/Safire & Amoss - 4th State (Ft. Gusto) (Icicle Remix).mp3
2015,Cyantific - Colour In The Shadows (feat. Benji).mp3,2015/Cyantific - Colour In The Shadows (feat. Benji).mp3
2009,J Majik & Wickaman - Mosquito.mp3,2009/J Majik & Wickaman - Mosquito.mp3
2013,Bizarre Inc - Playing With Knives (Drumsound & Bassline Smith Remix).mp3,2013/Bizarre Inc - Playing With Knives (Drumsound & Bassline Smith Remix).mp3
Remixes,Bizarre Inc - Playing With Knives (Drumsound & Bassline Smith Remix).mp3,Remixes/Bizarre Inc - Playing With Knives (Drumsound & Bassline Smith Remix).mp3
2014,Mob Tactics - The Answer (Ft. Lauren Johnson).mp3,2014/Mob Tactics - The Answer (Ft. Lauren Johnson).mp3
Heavy,Mefjus & Icicle - Efficient.mp3,Heavy/Mefjus & Icicle - Efficient.mp3
2017,Mefjus & Icicle - Efficient.mp3,2017/Mefjus & Icicle - Efficient.mp3
2017,Delta Heavy - Kaleidoscope.mp3,2017/Delta Heavy - Kaleidoscope.mp3
2013,Fenech Soler - Last Forever (Dimension Remix).mp3,2013/Fenech Soler - Last Forever (Dimension Remix).mp3
Remixes,Fenech Soler - Last Forever (Dimension Remix).mp3,Remixes/Fenech Soler - Last Forever (Dimension Remix).mp3
2018,TS7 - Motion Shift (Annix Remix).mp3,2018/TS7 - Motion Shift (Annix Remix).mp3
Remixes,TS7 - Motion Shift (Annix Remix).mp3,Remixes/TS7 - Motion Shift (Annix Remix).mp3
2014,Chase & Status - International (Dimension Remix).mp3,2014/Chase & Status - International (Dimension Remix).mp3
Remixes,Chase & Status - International (Dimension Remix).mp3,Remixes/Chase & Status - International (Dimension Remix).mp3
Heavy,Spor - Pull The Sun Down (ft. Linguistics).mp3,Heavy/Spor - Pull The Sun Down (ft. Linguistics).mp3
2018,Spor - Pull The Sun Down (ft. Linguistics).mp3,2018/Spor - Pull The Sun Down (ft. Linguistics).mp3
2018,Coppa - Anything (ft. High Maintenance).mp3,2018/Coppa - Anything (ft. High Maintenance).mp3
Heavy,Myro - Talk To Me (Tommy Boy Remix).mp3,Heavy/Myro - Talk To Me (Tommy Boy Remix).mp3
2016,Myro - Talk To Me (Tommy Boy Remix).mp3,2016/Myro - Talk To Me (Tommy Boy Remix).mp3
Remixes,Myro - Talk To Me (Tommy Boy Remix).mp3,Remixes/Myro - Talk To Me (Tommy Boy Remix).mp3
2019,The Prototypes - Millennia.mp3,2019/The Prototypes - Millennia.mp3
2018,Dominator & Turno - Bomb Squad (A.M.C VIP).mp3,2018/Dominator & Turno - Bomb Squad (A.M.C VIP).mp3
2017,Pola & Bryson - Run From You (ft. Sammie Bella) (Hugh Hardie Remix).mp3,2017/Pola & Bryson - Run From You (ft. Sammie Bella) (Hugh Hardie Remix).mp3
Remixes,Pola & Bryson - Run From You (ft. Sammie Bella) (Hugh Hardie Remix).mp3,Remixes/Pola & Bryson - Run From You (ft. Sammie Bella) (Hugh Hardie Remix).mp3
2016,Loadstar - Red Rock.mp3,2016/Loadstar - Red Rock.mp3
2011,Dukebox - Pressure (Ft. KT Forrester) (A.M.C + Mattix & Futile Remix).mp3,2011/Dukebox - Pressure (Ft. KT Forrester) (A.M.C + Mattix & Futile Remix).mp3
2012,Dukebox - Pressure (Ft. KT Forrester) (A.M.C + Mattix & Futile Remix).mp3,2012/Dukebox - Pressure (Ft. KT Forrester) (A.M.C + Mattix & Futile Remix).mp3
Remixes,Dukebox - Pressure (Ft. KT Forrester) (A.M.C + Mattix & Futile Remix).mp3,Remixes/Dukebox - Pressure (Ft. KT Forrester) (A.M.C + Mattix & Futile Remix).mp3
2016,Dan Dakota - Glow.mp3,2016/Dan Dakota - Glow.mp3
Heavy,Drumsound & Bassline Smith - Come With Me.mp3,Heavy/Drumsound & Bassline Smith - Come With Me.mp3
2017,Drumsound & Bassline Smith - Come With Me.mp3,2017/Drumsound & Bassline Smith - Come With Me.mp3
Heavy,Muzzy - Outsiders (ft. Charlotte Haining).mp3,Heavy/Muzzy - Outsiders (ft. Charlotte Haining).mp3
2017,Muzzy - Outsiders (ft. Charlotte Haining).mp3,2017/Muzzy - Outsiders (ft. Charlotte Haining).mp3
Heavy,Teddy Killerz - Teddynator.mp3,Heavy/Teddy Killerz - Teddynator.mp3
2015,Teddy Killerz - Teddynator.mp3,2015/Teddy Killerz - Teddynator.mp3
2017,Aero Chord & Anuka - Incomplete (Muzzy Remix).mp3,2017/Aero Chord & Anuka - Incomplete (Muzzy Remix).mp3
Remixes,Aero Chord & Anuka - Incomplete (Muzzy Remix).mp3,Remixes/Aero Chord & Anuka - Incomplete (Muzzy Remix).mp3
2017,Hillsdom - Second Nature (ft. Sally Watts).mp3,2017/Hillsdom - Second Nature (ft. Sally Watts).mp3
2017,Mitekiss - Some People.mp3,2017/Mitekiss - Some People.mp3
2019,Maduk - Colours (ft. Diamond Eyes).mp3,2019/Maduk - Colours (ft. Diamond Eyes).mp3
2016,Feint - Words (ft. Laura Brehm).mp3,2016/Feint - Words (ft. Laura Brehm).mp3
2014,Labrinth - Let It Be (Matrix & Futurebound Remix).mp3,2014/Labrinth - Let It Be (Matrix & Futurebound Remix).mp3
Remixes,Labrinth - Let It Be (Matrix & Futurebound Remix).mp3,Remixes/Labrinth - Let It Be (Matrix & Futurebound Remix).mp3
2019,Camo & Krooked - Set It Off (ft. Jeru The Damaja).mp3,2019/Camo & Krooked - Set It Off (ft. Jeru The Damaja).mp3
2014,Champion - What I Need.mp3,2014/Champion - What I Need.mp3
Remixes,Friction ft. Kiko Bun - Forever Dub (Kanine Remix).mp3,Remixes/Friction ft. Kiko Bun - Forever Dub (Kanine Remix).mp3
2019,Friction ft. Kiko Bun - Forever Dub (Kanine Remix).mp3,2019/Friction ft. Kiko Bun - Forever Dub (Kanine Remix).mp3
2014,InsideInfo - Being.mp3,2014/InsideInfo - Being.mp3
Heavy,Xilent - Reality.mp3,Heavy/Xilent - Reality.mp3
2015,Azari & III - Reckless (With Your Love) (Bensley Remix).mp3,2015/Azari & III - Reckless (With Your Love) (Bensley Remix).mp3
Remixes,Azari & III - Reckless (With Your Love) (Bensley Remix).mp3,Remixes/Azari & III - Reckless (With Your Love) (Bensley Remix).mp3
2019,Cyantific x Eudaimonia - 4 Years.mp3,2019/Cyantific x Eudaimonia - 4 Years.mp3
2011,Sub Focus - Tidal Wave (Ft. Alpines) (KillSonik Remix).mp3,2011/Sub Focus - Tidal Wave (Ft. Alpines) (KillSonik Remix).mp3
2012,Sub Focus - Tidal Wave (Ft. Alpines) (KillSonik Remix).mp3,2012/Sub Focus - Tidal Wave (Ft. Alpines) (KillSonik Remix).mp3
Remixes,Sub Focus - Tidal Wave (Ft. Alpines) (KillSonik Remix).mp3,Remixes/Sub Focus - Tidal Wave (Ft. Alpines) (KillSonik Remix).mp3
2013,The Upbeats - Alone (Ft. Tasha Baxter).mp3,2013/The Upbeats - Alone (Ft. Tasha Baxter).mp3
Heavy,Pierce Fulton - What Is Gonna Make You Happy_ (ft. Noosa) (Urbandawn Remix).mp3,Heavy/Pierce Fulton - What Is Gonna Make You Happy_ (ft. Noosa) (Urbandawn Remix).mp3
Remixes,Pierce Fulton - What Is Gonna Make You Happy_ (ft. Noosa) (Urbandawn Remix).mp3,Remixes/Pierce Fulton - What Is Gonna Make You Happy_ (ft. Noosa) (Urbandawn Remix).mp3
2019,Pierce Fulton - What Is Gonna Make You Happy_ (ft. Noosa) (Urbandawn Remix).mp3,2019/Pierce Fulton - What Is Gonna Make You Happy_ (ft. Noosa) (Urbandawn Remix).mp3
2013,Jakwob - Fade (Ft. Maiday) (Wilkinson Remix).mp3,2013/Jakwob - Fade (Ft. Maiday) (Wilkinson Remix).mp3
Remixes,Jakwob - Fade (Ft. Maiday) (Wilkinson Remix).mp3,Remixes/Jakwob - Fade (Ft. Maiday) (Wilkinson Remix).mp3
2015,Artificial Intelligence - Fallen (ft. Dawn Wall).mp3,2015/Artificial Intelligence - Fallen (ft. Dawn Wall).mp3
2019,Hillsdom - What I Need.mp3,2019/Hillsdom - What I Need.mp3
2019,Cyantific x T & Sugah - All I Want.mp3,2019/Cyantific x T & Sugah - All I Want.mp3
2015,InsideInfo & Mefjus - Pulsation.mp3,2015/InsideInfo & Mefjus - Pulsation.mp3
Heavy,InsideInfo & Mefjus - Pulsation.mp3,Heavy/InsideInfo & Mefjus - Pulsation.mp3
2019,Brookes Brothers - Good Thing.mp3,2019/Brookes Brothers - Good Thing.mp3
2016,Friction - Bring It Back (ft. Stylo G).mp3,2016/Friction - Bring It Back (ft. Stylo G).mp3
2016,Emperor - SMPL (Mefjus Remix).mp3,2016/Emperor - SMPL (Mefjus Remix).mp3
Heavy,Emperor - SMPL (Mefjus Remix).mp3,Heavy/Emperor - SMPL (Mefjus Remix).mp3
Remixes,Emperor - SMPL (Mefjus Remix).mp3,Remixes/Emperor - SMPL (Mefjus Remix).mp3
2016,Memtrix - Gloom Body.mp3,2016/Memtrix - Gloom Body.mp3
2010,Crissy Criss & Youngman - Give You The World (Album Minimix).mp3,2010/Crissy Criss & Youngman - Give You The World (Album Minimix).mp3
2019,Andy C - Back & Forth.mp3,2019/Andy C - Back & Forth.mp3
Heavy,Black Sun Empire & State Of Mind - Until The World Ends (Mind Vortex Remix).mp3,Heavy/Black Sun Empire & State Of Mind - Until The World Ends (Mind Vortex Remix).mp3
2016,Black Sun Empire & State Of Mind - Until The World Ends (Mind Vortex Remix).mp3,2016/Black Sun Empire & State Of Mind - Until The World Ends (Mind Vortex Remix).mp3
Remixes,Black Sun Empire & State Of Mind - Until The World Ends (Mind Vortex Remix).mp3,Remixes/Black Sun Empire & State Of Mind - Until The World Ends (Mind Vortex Remix).mp3
2012,BCee - Keep The Faith (Ft. Robert Owens).mp3,2012/BCee - Keep The Faith (Ft. Robert Owens).mp3
2011,BCee - Keep The Faith (Ft. Robert Owens).mp3,2011/BCee - Keep The Faith (Ft. Robert Owens).mp3
2011,Eric Prydz - Every Day (Andy C Remix).mp3,2011/Eric Prydz - Every Day (Andy C Remix).mp3
2012,Eric Prydz - Every Day (Andy C Remix).mp3,2012/Eric Prydz - Every Day (Andy C Remix).mp3
Remixes,Eric Prydz - Every Day (Andy C Remix).mp3,Remixes/Eric Prydz - Every Day (Andy C Remix).mp3
Heavy,Andy C - What Bass.mp3,Heavy/Andy C - What Bass.mp3
2017,Andy C - What Bass.mp3,2017/Andy C - What Bass.mp3
Heavy,Prolix - Set The Place On Fire.mp3,Heavy/Prolix - Set The Place On Fire.mp3
2014,Prolix - Set The Place On Fire.mp3,2014/Prolix - Set The Place On Fire.mp3
Heavy,InsideInfo - Mushroom.mp3,Heavy/InsideInfo - Mushroom.mp3
2014,InsideInfo - Mushroom.mp3,2014/InsideInfo - Mushroom.mp3
2015,Phace - My Mind Is Modular.mp3,2015/Phace - My Mind Is Modular.mp3
Heavy,Phace - My Mind Is Modular.mp3,Heavy/Phace - My Mind Is Modular.mp3
2014,Secondcity - I Wanna Feel (Brookes Brothers Remix).mp3,2014/Secondcity - I Wanna Feel (Brookes Brothers Remix).mp3
Remixes,Secondcity - I Wanna Feel (Brookes Brothers Remix).mp3,Remixes/Secondcity - I Wanna Feel (Brookes Brothers Remix).mp3
2014,Above & Beyond - Blue Sky Action (Ft. Alex Vargas) (Logistics Remix).mp3,2014/Above & Beyond - Blue Sky Action (Ft. Alex Vargas) (Logistics Remix).mp3
Remixes,Above & Beyond - Blue Sky Action (Ft. Alex Vargas) (Logistics Remix).mp3,Remixes/Above & Beyond - Blue Sky Action (Ft. Alex Vargas) (Logistics Remix).mp3
2015,Rudimental - Never Let You Go (SpectraSoul Remix).mp3,2015/Rudimental - Never Let You Go (SpectraSoul Remix).mp3
Remixes,Rudimental - Never Let You Go (SpectraSoul Remix).mp3,Remixes/Rudimental - Never Let You Go (SpectraSoul Remix).mp3
2018,Break & Kyo - The Edge Of Time.mp3,2018/Break & Kyo - The Edge Of Time.mp3
2014,Tantrum Desire - Genesis.mp3,2014/Tantrum Desire - Genesis.mp3
2016,Fourward - Sequencer.mp3,2016/Fourward - Sequencer.mp3
Heavy,Fourward - Sequencer.mp3,Heavy/Fourward - Sequencer.mp3
Heavy,Mefjus - If I Could.mp3,Heavy/Mefjus - If I Could.mp3
2018,Mefjus - If I Could.mp3,2018/Mefjus - If I Could.mp3
2016,Memtrix - IC YR PAIN.mp3,2016/Memtrix - IC YR PAIN.mp3
Heavy,Memtrix - IC YR PAIN.mp3,Heavy/Memtrix - IC YR PAIN.mp3
2016,Becky Hill - Warm (Danny Byrd Remix).mp3,2016/Becky Hill - Warm (Danny Byrd Remix).mp3
Remixes,Becky Hill - Warm (Danny Byrd Remix).mp3,Remixes/Becky Hill - Warm (Danny Byrd Remix).mp3
2019,Workforce - Two Words.mp3,2019/Workforce - Two Words.mp3
2013,Sid Batham - All Lies (Brookes Brothers Remix).mp3,2013/Sid Batham - All Lies (Brookes Brothers Remix).mp3
Remixes,Sid Batham - All Lies (Brookes Brothers Remix).mp3,Remixes/Sid Batham - All Lies (Brookes Brothers Remix).mp3
2019,Delta Heavy x Muzzy - Revenge.mp3,2019/Delta Heavy x Muzzy - Revenge.mp3
Heavy,Calyx & TeeBee - Shiver.mp3,Heavy/Calyx & TeeBee - Shiver.mp3
2017,Calyx & TeeBee - Shiver.mp3,2017/Calyx & TeeBee - Shiver.mp3
2010,Nero - Electron.mp3,2010/Nero - Electron.mp3
Remixes,The Qemists - Run You (Memtrix Remix).mp3,Remixes/The Qemists - Run You (Memtrix Remix).mp3
2018,Cyantific ft. Raphaella - Bloodline (Tantrum Desire Remix).mp3,2018/Cyantific ft. Raphaella - Bloodline (Tantrum Desire Remix).mp3
Remixes,Cyantific ft. Raphaella - Bloodline (Tantrum Desire Remix).mp3,Remixes/Cyantific ft. Raphaella - Bloodline (Tantrum Desire Remix).mp3
2019,Camo & Krooked - Loa.mp3,2019/Camo & Krooked - Loa.mp3
2010,Chase & Status - Let You Go (Brookes Brothers Remix).mp3,2010/Chase & Status - Let You Go (Brookes Brothers Remix).mp3
Remixes,Chase & Status - Let You Go (Brookes Brothers Remix).mp3,Remixes/Chase & Status - Let You Go (Brookes Brothers Remix).mp3
Remixes,Danny Byrd ft. Hannah Symons - Starting It Over (Turno Remix).mp3,Remixes/Danny Byrd ft. Hannah Symons - Starting It Over (Turno Remix).mp3
2017,Culture Shock - Bunker.mp3,2017/Culture Shock - Bunker.mp3
2018,Flowidus & Tiki Taane - Horizons (Flowidus VIP).mp3,2018/Flowidus & Tiki Taane - Horizons (Flowidus VIP).mp3
Remixes,Flowidus & Tiki Taane - Horizons (Flowidus VIP).mp3,Remixes/Flowidus & Tiki Taane - Horizons (Flowidus VIP).mp3
2018,Culture Shock - East Block.mp3,2018/Culture Shock - East Block.mp3
2012,Nero - Must Be The Feeling (Brookes Brothers Remix).mp3,2012/Nero - Must Be The Feeling (Brookes Brothers Remix).mp3
2011,Nero - Must Be The Feeling (Brookes Brothers Remix).mp3,2011/Nero - Must Be The Feeling (Brookes Brothers Remix).mp3
Remixes,Nero - Must Be The Feeling (Brookes Brothers Remix).mp3,Remixes/Nero - Must Be The Feeling (Brookes Brothers Remix).mp3
2011,Ellie Goulding - Hanging On (Sigma Remix).mp3,2011/Ellie Goulding - Hanging On (Sigma Remix).mp3
2012,Ellie Goulding - Hanging On (Sigma Remix).mp3,2012/Ellie Goulding - Hanging On (Sigma Remix).mp3
Remixes,Ellie Goulding - Hanging On (Sigma Remix).mp3,Remixes/Ellie Goulding - Hanging On (Sigma Remix).mp3
2014,TC - Everything For A Reason (Ivy Lab Remix).mp3,2014/TC - Everything For A Reason (Ivy Lab Remix).mp3
Remixes,TC - Everything For A Reason (Ivy Lab Remix).mp3,Remixes/TC - Everything For A Reason (Ivy Lab Remix).mp3
2014,Jakwob - Somebody New (Ft. Tiffani Juno) (Jakwob's VIP Mix).mp3,2014/Jakwob - Somebody New (Ft. Tiffani Juno) (Jakwob's VIP Mix).mp3
2015,DJ S.K.T ft. Rae - Take Me Away (Andy C Remix).mp3,2015/DJ S.K.T ft. Rae - Take Me Away (Andy C Remix).mp3
Remixes,DJ S.K.T ft. Rae - Take Me Away (Andy C Remix).mp3,Remixes/DJ S.K.T ft. Rae - Take Me Away (Andy C Remix).mp3
2019,Changing Faces - Monochrome.mp3,2019/Changing Faces - Monochrome.mp3
2014,Kove - Gobble.mp3,2014/Kove - Gobble.mp3
2013,Delphic - Baiya (Brookes Brothers Remix).mp3,2013/Delphic - Baiya (Brookes Brothers Remix).mp3
Remixes,Delphic - Baiya (Brookes Brothers Remix).mp3,Remixes/Delphic - Baiya (Brookes Brothers Remix).mp3
Heavy,Shimon & Benny L - Yeti.mp3,Heavy/Shimon & Benny L - Yeti.mp3
2018,Shimon & Benny L - Yeti.mp3,2018/Shimon & Benny L - Yeti.mp3
2014,Emalkay - Aerosol (Dub Motion Remix).mp3,2014/Emalkay - Aerosol (Dub Motion Remix).mp3
Remixes,Emalkay - Aerosol (Dub Motion Remix).mp3,Remixes/Emalkay - Aerosol (Dub Motion Remix).mp3
2018,Logistics - Hayling (ft. Emer Dineen).mp3,2018/Logistics - Hayling (ft. Emer Dineen).mp3
Heavy,Bad Company UK - Equilibrium.mp3,Heavy/Bad Company UK - Equilibrium.mp3
2016,Bad Company UK - Equilibrium.mp3,2016/Bad Company UK - Equilibrium.mp3
2019,Culture Shock - Neighbourhood.mp3,2019/Culture Shock - Neighbourhood.mp3
2016,Culture Shock vs. Josh Parkinson - No More (Back To You).mp3,2016/Culture Shock vs. Josh Parkinson - No More (Back To You).mp3
2017,Halogenix - The Night (ft. SOLAH).mp3,2017/Halogenix - The Night (ft. SOLAH).mp3
Remixes,Noisia - The Entangled (Camo & Krooked Remix).mp3,Remixes/Noisia - The Entangled (Camo & Krooked Remix).mp3
2017,Noisia - The Entangled (Camo & Krooked Remix).mp3,2017/Noisia - The Entangled (Camo & Krooked Remix).mp3
2013,I Am Legion - Dust Descends (Ft. Strange U) (Noisia x Foreign Beggars).mp3,2013/I Am Legion - Dust Descends (Ft. Strange U) (Noisia x Foreign Beggars).mp3
2016,Glitch City - Black Hole Skank.mp3,2016/Glitch City - Black Hole Skank.mp3
2015,Andreya Triana - Lullaby (Logistics Remix).mp3,2015/Andreya Triana - Lullaby (Logistics Remix).mp3
Remixes,Andreya Triana - Lullaby (Logistics Remix).mp3,Remixes/Andreya Triana - Lullaby (Logistics Remix).mp3
2016,TC & Metrik - The Light.mp3,2016/TC & Metrik - The Light.mp3
2016,The Prototypes - Rocket Guns Blazin'.mp3,2016/The Prototypes - Rocket Guns Blazin'.mp3
Remixes,Bobby Tank - Catalyze (Metrik Remix).mp3,Remixes/Bobby Tank - Catalyze (Metrik Remix).mp3
2017,Bobby Tank - Catalyze (Metrik Remix).mp3,2017/Bobby Tank - Catalyze (Metrik Remix).mp3
Heavy,Emperor - Legion.mp3,Heavy/Emperor - Legion.mp3
2018,Emperor - Legion.mp3,2018/Emperor - Legion.mp3
2018,Kasra - From The Outside In.mp3,2018/Kasra - From The Outside In.mp3
2017,DC Breaks - Eleven.mp3,2017/DC Breaks - Eleven.mp3
2018,Icicle & Proxima - Outer Planes (ft. Ben Verse).mp3,2018/Icicle & Proxima - Outer Planes (ft. Ben Verse).mp3
2016,SpectraSoul - Glimpse (ft. dBridge) (Ivy Lab Remix).mp3,2016/SpectraSoul - Glimpse (ft. dBridge) (Ivy Lab Remix).mp3
Remixes,SpectraSoul - Glimpse (ft. dBridge) (Ivy Lab Remix).mp3,Remixes/SpectraSoul - Glimpse (ft. dBridge) (Ivy Lab Remix).mp3
2014,Clean Bandit - Extraordinary (Sigma Remix).mp3,2014/Clean Bandit - Extraordinary (Sigma Remix).mp3
Remixes,Clean Bandit - Extraordinary (Sigma Remix).mp3,Remixes/Clean Bandit - Extraordinary (Sigma Remix).mp3
2018,Satl x Lips - Everything To Me.mp3,2018/Satl x Lips - Everything To Me.mp3
2018,The Prototypes & TC - Species.mp3,2018/The Prototypes & TC - Species.mp3
Heavy,Hybrid Minds - Listen (ft. Tiffani Juno) (Signal Remix).mp3,Heavy/Hybrid Minds - Listen (ft. Tiffani Juno) (Signal Remix).mp3
2017,Hybrid Minds - Listen (ft. Tiffani Juno) (Signal Remix).mp3,2017/Hybrid Minds - Listen (ft. Tiffani Juno) (Signal Remix).mp3
Remixes,Hybrid Minds - Listen (ft. Tiffani Juno) (Signal Remix).mp3,Remixes/Hybrid Minds - Listen (ft. Tiffani Juno) (Signal Remix).mp3
Remixes,DJ Fresh ft. Jakes - Shots (Flite Remix).mp3,Remixes/DJ Fresh ft. Jakes - Shots (Flite Remix).mp3
2013,"Reso - Check 1, 2 (Emperor Remix).mp3","2013/Reso - Check 1, 2 (Emperor Remix).mp3"
Remixes,"Reso - Check 1, 2 (Emperor Remix).mp3","Remixes/Reso - Check 1, 2 (Emperor Remix).mp3"
2017,The Upbeats - Veiled.mp3,2017/The Upbeats - Veiled.mp3
2015,Above & Beyond - All Over The World (Ft. Alex Vargas) (I See MONSTAS Remix).mp3,2015/Above & Beyond - All Over The World (Ft. Alex Vargas) (I See MONSTAS Remix).mp3
Remixes,Above & Beyond - All Over The World (Ft. Alex Vargas) (I See MONSTAS Remix).mp3,Remixes/Above & Beyond - All Over The World (Ft. Alex Vargas) (I See MONSTAS Remix).mp3
2015,Bensley - Fandango.mp3,2015/Bensley - Fandango.mp3
Heavy,High Contrast - Shotgun Mouthwash (Jungle Remix).mp3,Heavy/High Contrast - Shotgun Mouthwash (Jungle Remix).mp3
Remixes,High Contrast - Shotgun Mouthwash (Jungle Remix).mp3,Remixes/High Contrast - Shotgun Mouthwash (Jungle Remix).mp3
2017,High Contrast - Shotgun Mouthwash (Jungle Remix).mp3,2017/High Contrast - Shotgun Mouthwash (Jungle Remix).mp3
2015,Dawn Wall - Between The Sheets (ft. Artificial Intelligence).mp3,2015/Dawn Wall - Between The Sheets (ft. Artificial Intelligence).mp3
2010,Blu Mar Ten - Overwhelm (Seba remix).mp3,2010/Blu Mar Ten - Overwhelm (Seba remix).mp3
Remixes,Blu Mar Ten - Overwhelm (Seba remix).mp3,Remixes/Blu Mar Ten - Overwhelm (Seba remix).mp3
2010,Performance - The Living (Drumsound & Bassline Smith Remix).mp3,2010/Performance - The Living (Drumsound & Bassline Smith Remix).mp3
Remixes,Performance - The Living (Drumsound & Bassline Smith Remix).mp3,Remixes/Performance - The Living (Drumsound & Bassline Smith Remix).mp3
2012,Rudimental - Feel The Love (Fred V & Grafix Remix).mp3,2012/Rudimental - Feel The Love (Fred V & Grafix Remix).mp3
2011,Rudimental - Feel The Love (Fred V & Grafix Remix).mp3,2011/Rudimental - Feel The Love (Fred V & Grafix Remix).mp3
Remixes,Rudimental - Feel The Love (Fred V & Grafix Remix).mp3,Remixes/Rudimental - Feel The Love (Fred V & Grafix Remix).mp3
Heavy,Fade Black - Sane (ft. Leo Law).mp3,Heavy/Fade Black - Sane (ft. Leo Law).mp3
2019,Fade Black - Sane (ft. Leo Law).mp3,2019/Fade Black - Sane (ft. Leo Law).mp3
Heavy,Bad Company UK - Primal Fire (ft. Sitka).mp3,Heavy/Bad Company UK - Primal Fire (ft. Sitka).mp3
2017,Bad Company UK - Primal Fire (ft. Sitka).mp3,2017/Bad Company UK - Primal Fire (ft. Sitka).mp3
Remixes,The Mouse Outfit ft. IAMDDB & Kinkai - Feeling High (Lenzman Remix).mp3,Remixes/The Mouse Outfit ft. IAMDDB & Kinkai - Feeling High (Lenzman Remix).mp3
2019,The Mouse Outfit ft. IAMDDB & Kinkai - Feeling High (Lenzman Remix).mp3,2019/The Mouse Outfit ft. IAMDDB & Kinkai - Feeling High (Lenzman Remix).mp3
Remixes,Becky Hill - Losing (TC Remix).mp3,Remixes/Becky Hill - Losing (TC Remix).mp3
2011,Maverick Sabre - These Days (Friction Remix).mp3,2011/Maverick Sabre - These Days (Friction Remix).mp3
2012,Maverick Sabre - These Days (Friction Remix).mp3,2012/Maverick Sabre - These Days (Friction Remix).mp3
Remixes,Maverick Sabre - These Days (Friction Remix).mp3,Remixes/Maverick Sabre - These Days (Friction Remix).mp3
2019,Mohican Sun - Darkest Hour.mp3,2019/Mohican Sun - Darkest Hour.mp3
2015,Dub Motion - Fall To Pieces.mp3,2015/Dub Motion - Fall To Pieces.mp3
2014,Metrik - Slipstream.mp3,2014/Metrik - Slipstream.mp3
2016,Keeno x Krakota - Reality.mp3,2016/Keeno x Krakota - Reality.mp3
2018,Dawn Wall - Devil's Night.mp3,2018/Dawn Wall - Devil's Night.mp3
2014,Zero T - Refusal (Ft. Steo) (Alix Perez Remix).mp3,2014/Zero T - Refusal (Ft. Steo) (Alix Perez Remix).mp3
Remixes,Zero T - Refusal (Ft. Steo) (Alix Perez Remix).mp3,Remixes/Zero T - Refusal (Ft. Steo) (Alix Perez Remix).mp3
2017,Cyantific - Fade Into The Night.mp3,2017/Cyantific - Fade Into The Night.mp3
2014,S.P.Y - Stardust (Ft.  BCee).mp3,2014/S.P.Y - Stardust (Ft.  BCee).mp3
2019,Royalston & Pearse-Hawkins - Voodoo Love Dance.mp3,2019/Royalston & Pearse-Hawkins - Voodoo Love Dance.mp3
Remixes,Delilah - Go (S.P.Y Remix).mp3,Remixes/Delilah - Go (S.P.Y Remix).mp3
Heavy,Phace - So Excited.mp3,Heavy/Phace - So Excited.mp3
2016,Phace - So Excited.mp3,2016/Phace - So Excited.mp3
2018,Emperor - Bloodsport (ft. Mantmast).mp3,2018/Emperor - Bloodsport (ft. Mantmast).mp3
2019,Circuits - Euphoria Part 1.mp3,2019/Circuits - Euphoria Part 1.mp3
2017,Fred V & Grafix & Metrik - Tension (ft. Kate Westall).mp3,2017/Fred V & Grafix & Metrik - Tension (ft. Kate Westall).mp3
2015,Seba - Too Much Too Soon (Blu Mar Ten Remix).mp3,2015/Seba - Too Much Too Soon (Blu Mar Ten Remix).mp3
Remixes,Seba - Too Much Too Soon (Blu Mar Ten Remix).mp3,Remixes/Seba - Too Much Too Soon (Blu Mar Ten Remix).mp3
Heavy,Metrik - We Got It (ft. Rothwell) (S.P.Y Remix).mp3,Heavy/Metrik - We Got It (ft. Rothwell) (S.P.Y Remix).mp3
Remixes,Metrik - We Got It (ft. Rothwell) (S.P.Y Remix).mp3,Remixes/Metrik - We Got It (ft. Rothwell) (S.P.Y Remix).mp3
2017,Metrik - We Got It (ft. Rothwell) (S.P.Y Remix).mp3,2017/Metrik - We Got It (ft. Rothwell) (S.P.Y Remix).mp3
2014,Mutated Forms - Crowlin.mp3,2014/Mutated Forms - Crowlin.mp3
2019,Sub Focus - Solar System.mp3,2019/Sub Focus - Solar System.mp3
2019,Hybrid Minds & Thomas Oliver - Jetstream.mp3,2019/Hybrid Minds & Thomas Oliver - Jetstream.mp3
2018,Flite & Boxplot - Sunroad (ft. Audioscribe).mp3,2018/Flite & Boxplot - Sunroad (ft. Audioscribe).mp3
2018,Brookes Brothers - Every Minute.mp3,2018/Brookes Brothers - Every Minute.mp3
2010,Hamilton - Breathe.mp3,2010/Hamilton - Breathe.mp3
2019,Ekko & Sidetrack - Synchronise.mp3,2019/Ekko & Sidetrack - Synchronise.mp3
2014,Original Sin & Koo - Running Man.mp3,2014/Original Sin & Koo - Running Man.mp3
Remixes,The Prototypes - Rocket Guns Blazin' (Crissy Criss + Malux + Erb N Dub Remix).mp3,Remixes/The Prototypes - Rocket Guns Blazin' (Crissy Criss + Malux + Erb N Dub Remix).mp3
2017,The Prototypes - Rocket Guns Blazin' (Crissy Criss + Malux + Erb N Dub Remix).mp3,2017/The Prototypes - Rocket Guns Blazin' (Crissy Criss + Malux + Erb N Dub Remix).mp3
2018,Zeds Dead & Jauz - Lights Go Down.mp3,2018/Zeds Dead & Jauz - Lights Go Down.mp3
2013,KillSonik - Leviathan.mp3,2013/KillSonik - Leviathan.mp3
2018,Joe Ford & Memtrix - Out Of Place.mp3,2018/Joe Ford & Memtrix - Out Of Place.mp3
2017,Camo & Krooked - Good Times Bad Times (1991 Remix).mp3,2017/Camo & Krooked - Good Times Bad Times (1991 Remix).mp3
Remixes,Camo & Krooked - Good Times Bad Times (1991 Remix).mp3,Remixes/Camo & Krooked - Good Times Bad Times (1991 Remix).mp3
Heavy,Joe Ford x Document One - Care For Me.mp3,Heavy/Joe Ford x Document One - Care For Me.mp3
2017,Joe Ford x Document One - Care For Me.mp3,2017/Joe Ford x Document One - Care For Me.mp3
Heavy,Hamilton - Feel The Fury.mp3,Heavy/Hamilton - Feel The Fury.mp3
2013,Electric Guest - This Head I Hold (Nu_Logic Remix).mp3,2013/Electric Guest - This Head I Hold (Nu_Logic Remix).mp3
Remixes,Electric Guest - This Head I Hold (Nu_Logic Remix).mp3,Remixes/Electric Guest - This Head I Hold (Nu_Logic Remix).mp3
Remixes,Chase & Status - Time (Ft. Delilah) (Wilkinson Remix).mp3,Remixes/Chase & Status - Time (Ft. Delilah) (Wilkinson Remix).mp3
Remixes,Dua Lipa - Swan Song (Calibre Remix).mp3,Remixes/Dua Lipa - Swan Song (Calibre Remix).mp3
2019,Dua Lipa - Swan Song (Calibre Remix).mp3,2019/Dua Lipa - Swan Song (Calibre Remix).mp3
2015,Netsky - Rio (DJ Marky Summer Remix).mp3,2015/Netsky - Rio (DJ Marky Summer Remix).mp3
Remixes,Netsky - Rio (DJ Marky Summer Remix).mp3,Remixes/Netsky - Rio (DJ Marky Summer Remix).mp3
Heavy,Black Sun Empire & State Of Mind - Caterpillar (Drumsound & Bassline Smith Remix).mp3,Heavy/Black Sun Empire & State Of Mind - Caterpillar (Drumsound & Bassline Smith Remix).mp3
Remixes,Black Sun Empire & State Of Mind - Caterpillar (Drumsound & Bassline Smith Remix).mp3,Remixes/Black Sun Empire & State Of Mind - Caterpillar (Drumsound & Bassline Smith Remix).mp3
2018,Black Sun Empire & State Of Mind - Caterpillar (Drumsound & Bassline Smith Remix).mp3,2018/Black Sun Empire & State Of Mind - Caterpillar (Drumsound & Bassline Smith Remix).mp3
2014,Linkin Park - Lies Greed Misery (Dirtyphonics Remix).mp3,2014/Linkin Park - Lies Greed Misery (Dirtyphonics Remix).mp3
2013,Linkin Park - Lies Greed Misery (Dirtyphonics Remix).mp3,2013/Linkin Park - Lies Greed Misery (Dirtyphonics Remix).mp3
Remixes,Linkin Park - Lies Greed Misery (Dirtyphonics Remix).mp3,Remixes/Linkin Park - Lies Greed Misery (Dirtyphonics Remix).mp3
2018,Koven - Another Home (VIP Mix).mp3,2018/Koven - Another Home (VIP Mix).mp3
2012,Professor Green - Remedy (Ft. Ruth Anne) (Wilkinson Remix).mp3,2012/Professor Green - Remedy (Ft. Ruth Anne) (Wilkinson Remix).mp3
2011,Professor Green - Remedy (Ft. Ruth Anne) (Wilkinson Remix).mp3,2011/Professor Green - Remedy (Ft. Ruth Anne) (Wilkinson Remix).mp3
Remixes,Professor Green - Remedy (Ft. Ruth Anne) (Wilkinson Remix).mp3,Remixes/Professor Green - Remedy (Ft. Ruth Anne) (Wilkinson Remix).mp3
2013,Linden Jay - Break The Hold (Ft. Ruby Wood) (Rollz Remix).mp3,2013/Linden Jay - Break The Hold (Ft. Ruby Wood) (Rollz Remix).mp3
Remixes,Linden Jay - Break The Hold (Ft. Ruby Wood) (Rollz Remix).mp3,Remixes/Linden Jay - Break The Hold (Ft. Ruby Wood) (Rollz Remix).mp3
2018,Critical Impact & Break - Creeper (ft. Skibadee).mp3,2018/Critical Impact & Break - Creeper (ft. Skibadee).mp3
2018,Villem & McLeod - Let It Breathe (ft. Leo Wood).mp3,2018/Villem & McLeod - Let It Breathe (ft. Leo Wood).mp3
Heavy,The Upbeats - Erosion (ft. Culture Shock).mp3,Heavy/The Upbeats - Erosion (ft. Culture Shock).mp3
2018,The Upbeats - Erosion (ft. Culture Shock).mp3,2018/The Upbeats - Erosion (ft. Culture Shock).mp3
2015,Muzzy & Voicians - Back To You.mp3,2015/Muzzy & Voicians - Back To You.mp3
Remixes,Breakage - Fighting Fire (Feat. Jess Mills) (Loadstar Remix).mp3,Remixes/Breakage - Fighting Fire (Feat. Jess Mills) (Loadstar Remix).mp3
2016,Dimension - UK.mp3,2016/Dimension - UK.mp3
Remixes,Hybrid Minds - Skin & Bones (ft. Grimm & Laurence Baker) (Mitekiss Remix).mp3,Remixes/Hybrid Minds - Skin & Bones (ft. Grimm & Laurence Baker) (Mitekiss Remix).mp3
2017,Hybrid Minds - Skin & Bones (ft. Grimm & Laurence Baker) (Mitekiss Remix).mp3,2017/Hybrid Minds - Skin & Bones (ft. Grimm & Laurence Baker) (Mitekiss Remix).mp3
Remixes,Skrillex - Scary Monsters and Nice Sprites (Dirtyphonics Remix).mp3,Remixes/Skrillex - Scary Monsters and Nice Sprites (Dirtyphonics Remix).mp3
2012,Plan B - Lost My Way (Nu_Tone Remix).mp3,2012/Plan B - Lost My Way (Nu_Tone Remix).mp3
2011,Plan B - Lost My Way (Nu_Tone Remix).mp3,2011/Plan B - Lost My Way (Nu_Tone Remix).mp3
Remixes,Plan B - Lost My Way (Nu_Tone Remix).mp3,Remixes/Plan B - Lost My Way (Nu_Tone Remix).mp3
2019,Millbrook - Rituals.mp3,2019/Millbrook - Rituals.mp3
2018,Social Misfits - Velvet Rooms.mp3,2018/Social Misfits - Velvet Rooms.mp3
2018,Bert H & Edlan - Intercept.mp3,2018/Bert H & Edlan - Intercept.mp3
2014,Franklin - Colours (Whiney Remix).mp3,2014/Franklin - Colours (Whiney Remix).mp3
Remixes,Franklin - Colours (Whiney Remix).mp3,Remixes/Franklin - Colours (Whiney Remix).mp3
2015,Retronics - This Will Come.mp3,2015/Retronics - This Will Come.mp3
2016,Emperor - I Was.mp3,2016/Emperor - I Was.mp3
Heavy,Emperor - I Was.mp3,Heavy/Emperor - I Was.mp3
2014,MNEK - Every Little Word (Fred V & Grafix Remix).mp3,2014/MNEK - Every Little Word (Fred V & Grafix Remix).mp3
Remixes,MNEK - Every Little Word (Fred V & Grafix Remix).mp3,Remixes/MNEK - Every Little Word (Fred V & Grafix Remix).mp3
Heavy,Dimension - Beg & Borrow.mp3,Heavy/Dimension - Beg & Borrow.mp3
2017,Dimension - Beg & Borrow.mp3,2017/Dimension - Beg & Borrow.mp3
Heavy,The Upbeats - Disorder.mp3,Heavy/The Upbeats - Disorder.mp3
2019,The Upbeats - Disorder.mp3,2019/The Upbeats - Disorder.mp3
2013,Fred V & Grafix - Basilisk.mp3,2013/Fred V & Grafix - Basilisk.mp3
2016,Black Sun Empire & State Of Mind - Thug.mp3,2016/Black Sun Empire & State Of Mind - Thug.mp3
Heavy,Black Sun Empire & State Of Mind - Thug.mp3,Heavy/Black Sun Empire & State Of Mind - Thug.mp3
2016,The Prototypes - Pale Blue Dot (Calyx & TeeBee Remix).mp3,2016/The Prototypes - Pale Blue Dot (Calyx & TeeBee Remix).mp3
Remixes,The Prototypes - Pale Blue Dot (Calyx & TeeBee Remix).mp3,Remixes/The Prototypes - Pale Blue Dot (Calyx & TeeBee Remix).mp3
Remixes,Friction ft. Doktor - Mad In The Jungle (Killer Hertz Remix).mp3,Remixes/Friction ft. Doktor - Mad In The Jungle (Killer Hertz Remix).mp3
2019,Friction ft. Doktor - Mad In The Jungle (Killer Hertz Remix).mp3,2019/Friction ft. Doktor - Mad In The Jungle (Killer Hertz Remix).mp3
Heavy,Black Sun Empire & State of Mind - Pull The Trigger.mp3,Heavy/Black Sun Empire & State of Mind - Pull The Trigger.mp3
Remixes,Jessie J - Nobody's Perfect (Netsky Remix).mp3,Remixes/Jessie J - Nobody's Perfect (Netsky Remix).mp3
2015,Krakota - In The Area (ft. Lifford).mp3,2015/Krakota - In The Area (ft. Lifford).mp3
Heavy,Phace & Noisia - Non-Responsive.mp3,Heavy/Phace & Noisia - Non-Responsive.mp3
2019,Phace & Noisia - Non-Responsive.mp3,2019/Phace & Noisia - Non-Responsive.mp3
Remixes,Blonde - I Loved You (Hamilton Remix).mp3,Remixes/Blonde - I Loved You (Hamilton Remix).mp3
2018,Crissy Criss - Need You Now.mp3,2018/Crissy Criss - Need You Now.mp3
2014,Metrik - Want My Love (Ft. Elisabeth Troy) (Club Mix).mp3,2014/Metrik - Want My Love (Ft. Elisabeth Troy) (Club Mix).mp3
Remixes,Madeon - Finale (Netsky Remix).mp3,Remixes/Madeon - Finale (Netsky Remix).mp3
Heavy,Noisia & Phace - Deep Down.mp3,Heavy/Noisia & Phace - Deep Down.mp3
2018,Noisia & Phace - Deep Down.mp3,2018/Noisia & Phace - Deep Down.mp3
2013,Sick Individuals & Axwell (Ft. Taylr Renee) - I AM (Nu_Tone Remix).mp3,2013/Sick Individuals & Axwell (Ft. Taylr Renee) - I AM (Nu_Tone Remix).mp3
Remixes,Sick Individuals & Axwell (Ft. Taylr Renee) - I AM (Nu_Tone Remix).mp3,Remixes/Sick Individuals & Axwell (Ft. Taylr Renee) - I AM (Nu_Tone Remix).mp3
2018,Stylus & Lunos - Do It Again (ft. LØREN).mp3,2018/Stylus & Lunos - Do It Again (ft. LØREN).mp3
2019,Dossa & Locuzzed - Sandbox.mp3,2019/Dossa & Locuzzed - Sandbox.mp3
2019,BCee - Remind Me.mp3,2019/BCee - Remind Me.mp3
2013,Dirtyphonics - Walk In The Fire.mp3,2013/Dirtyphonics - Walk In The Fire.mp3
2015,Drumsound & Bassline Smith - Spring Heel Jack.mp3,2015/Drumsound & Bassline Smith - Spring Heel Jack.mp3
Heavy,Drumsound & Bassline Smith - Spring Heel Jack.mp3,Heavy/Drumsound & Bassline Smith - Spring Heel Jack.mp3
2018,Lenzman - String City (Artificial Intelligence Remix).mp3,2018/Lenzman - String City (Artificial Intelligence Remix).mp3
Remixes,Lenzman - String City (Artificial Intelligence Remix).mp3,Remixes/Lenzman - String City (Artificial Intelligence Remix).mp3
Heavy,Benny L - Low Blow.mp3,Heavy/Benny L - Low Blow.mp3
2017,Benny L - Low Blow.mp3,2017/Benny L - Low Blow.mp3
2019,Hybrid Minds & Fred V - Drowning In You.mp3,2019/Hybrid Minds & Fred V - Drowning In You.mp3
2013,Example - All The Wrong Places (Calyx & TeeBee Remix).mp3,2013/Example - All The Wrong Places (Calyx & TeeBee Remix).mp3
Remixes,Example - All The Wrong Places (Calyx & TeeBee Remix).mp3,Remixes/Example - All The Wrong Places (Calyx & TeeBee Remix).mp3
2015,Lenzman - Got My Mind Made Up.mp3,2015/Lenzman - Got My Mind Made Up.mp3
2016,Bensley - One Last Chance (ft. Skyelle).mp3,2016/Bensley - One Last Chance (ft. Skyelle).mp3
2016,Black Sun Empire & State of Mind - Pull The Trigger.mp3,2016/Black Sun Empire & State of Mind - Pull The Trigger.mp3
Remixes,KREAM & Clara Mae - Drowning (Keeno Remix).mp3,Remixes/KREAM & Clara Mae - Drowning (Keeno Remix).mp3
2017,KREAM & Clara Mae - Drowning (Keeno Remix).mp3,2017/KREAM & Clara Mae - Drowning (Keeno Remix).mp3
2013,Nu_Logic - Everlasting Days (Ft. Lifford).mp3,2013/Nu_Logic - Everlasting Days (Ft. Lifford).mp3
2017,Macky Gee - Tour.mp3,2017/Macky Gee - Tour.mp3
2013,NERVO - Hold On (Dimension Remix).mp3,2013/NERVO - Hold On (Dimension Remix).mp3
Remixes,NERVO - Hold On (Dimension Remix).mp3,Remixes/NERVO - Hold On (Dimension Remix).mp3
2016,Posij - Hunger.mp3,2016/Posij - Hunger.mp3
Heavy,Posij - Hunger.mp3,Heavy/Posij - Hunger.mp3
2014,Ownglow - Gold.mp3,2014/Ownglow - Gold.mp3
2019,Alix Perez - SWRV.mp3,2019/Alix Perez - SWRV.mp3
2018,Artificial Intelligence - Degrees of Seperation.mp3,2018/Artificial Intelligence - Degrees of Seperation.mp3
2015,Xilent - Animation (ft. Diamond Eyes).mp3,2015/Xilent - Animation (ft. Diamond Eyes).mp3
2016,Maduk - The End (ft. Voicians).mp3,2016/Maduk - The End (ft. Voicians).mp3
2013,Rollz - Give It Time (Ft. Katie's Ambition).mp3,2013/Rollz - Give It Time (Ft. Katie's Ambition).mp3
2012,Cyantific - Mirador.mp3,2012/Cyantific - Mirador.mp3
2011,Cyantific - Mirador.mp3,2011/Cyantific - Mirador.mp3
2014,Tali - Forces (Trei Remix).mp3,2014/Tali - Forces (Trei Remix).mp3
Remixes,Tali - Forces (Trei Remix).mp3,Remixes/Tali - Forces (Trei Remix).mp3
2012,Jeff Wayne - The Eve Of The War (Ft. Liam Neeson) (Drumsound & Bassline Smith Vocal Remix).mp3,2012/Jeff Wayne - The Eve Of The War (Ft. Liam Neeson) (Drumsound & Bassline Smith Vocal Remix).mp3
2011,Jeff Wayne - The Eve Of The War (Ft. Liam Neeson) (Drumsound & Bassline Smith Vocal Remix).mp3,2011/Jeff Wayne - The Eve Of The War (Ft. Liam Neeson) (Drumsound & Bassline Smith Vocal Remix).mp3
Remixes,Jeff Wayne - The Eve Of The War (Ft. Liam Neeson) (Drumsound & Bassline Smith Vocal Remix).mp3,Remixes/Jeff Wayne - The Eve Of The War (Ft. Liam Neeson) (Drumsound & Bassline Smith Vocal Remix).mp3
2014,Moko - Your Love (Culture Shock Remix).mp3,2014/Moko - Your Love (Culture Shock Remix).mp3
Remixes,Moko - Your Love (Culture Shock Remix).mp3,Remixes/Moko - Your Love (Culture Shock Remix).mp3
2016,Muffler - Snowflakes.mp3,2016/Muffler - Snowflakes.mp3
2016,Pola & Bryson - Whisper To Me (ft. Sammie Bella).mp3,2016/Pola & Bryson - Whisper To Me (ft. Sammie Bella).mp3
Heavy,L 33 - Zealot.mp3,Heavy/L 33 - Zealot.mp3
2016,L 33 - Zealot.mp3,2016/L 33 - Zealot.mp3
2014,Champion - Save Me (Ft. Charlotte Haining).mp3,2014/Champion - Save Me (Ft. Charlotte Haining).mp3
2015,Hamilton - Feel The Fury.mp3,2015/Hamilton - Feel The Fury.mp3
2018,Blaine Stranger - Arms Of Mine.mp3,2018/Blaine Stranger - Arms Of Mine.mp3
2017,Keeno - Enigma.mp3,2017/Keeno - Enigma.mp3
2015,Espa - Swan Song (ft. Giggs) (Culture Shock Remix).mp3,2015/Espa - Swan Song (ft. Giggs) (Culture Shock Remix).mp3
Remixes,Espa - Swan Song (ft. Giggs) (Culture Shock Remix).mp3,Remixes/Espa - Swan Song (ft. Giggs) (Culture Shock Remix).mp3
2018,Turno - Asylum.mp3,2018/Turno - Asylum.mp3
2014,Kill Paris - Silence of Heartbreak (Ft. Marty Rod) (Random Movement Remix).mp3,2014/Kill Paris - Silence of Heartbreak (Ft. Marty Rod) (Random Movement Remix).mp3
Remixes,Kill Paris - Silence of Heartbreak (Ft. Marty Rod) (Random Movement Remix).mp3,Remixes/Kill Paris - Silence of Heartbreak (Ft. Marty Rod) (Random Movement Remix).mp3
2017,High Maintenance - Keep You Down (ft. James Robb).mp3,2017/High Maintenance - Keep You Down (ft. James Robb).mp3
2019,Technimatic - Holding On (ft. Matt Wilson).mp3,2019/Technimatic - Holding On (ft. Matt Wilson).mp3
2014,The Prototypes - Pale Blue Dot.mp3,2014/The Prototypes - Pale Blue Dot.mp3
Remixes,"Ed Sheeran - You Need Me, I Don't Need You (Loadstar Remix).mp3","Remixes/Ed Sheeran - You Need Me, I Don't Need You (Loadstar Remix).mp3"
2016,Cyantific - Under The Neon.mp3,2016/Cyantific - Under The Neon.mp3
2009,Sub Focus - Rock It.mp3,2009/Sub Focus - Rock It.mp3
Heavy,Culture Shock - Take Control.mp3,Heavy/Culture Shock - Take Control.mp3
2019,Culture Shock - Take Control.mp3,2019/Culture Shock - Take Control.mp3
2011,Substantial Error - Sunshine (Ft. Luke Truth) (Mattix & Futile Remix).mp3,2011/Substantial Error - Sunshine (Ft. Luke Truth) (Mattix & Futile Remix).mp3
2012,Substantial Error - Sunshine (Ft. Luke Truth) (Mattix & Futile Remix).mp3,2012/Substantial Error - Sunshine (Ft. Luke Truth) (Mattix & Futile Remix).mp3
Remixes,Substantial Error - Sunshine (Ft. Luke Truth) (Mattix & Futile Remix).mp3,Remixes/Substantial Error - Sunshine (Ft. Luke Truth) (Mattix & Futile Remix).mp3
Remixes,Moby - Why Does My Heart Feel So Bad_ (Technimatic Remix).mp3,Remixes/Moby - Why Does My Heart Feel So Bad_ (Technimatic Remix).mp3
2010,Future Prophecies - September (Camo & Krooked Remix).mp3,2010/Future Prophecies - September (Camo & Krooked Remix).mp3
Remixes,Future Prophecies - September (Camo & Krooked Remix).mp3,Remixes/Future Prophecies - September (Camo & Krooked Remix).mp3
2019,Etherwood - Away From It All.mp3,2019/Etherwood - Away From It All.mp3
2014,Dimension - Command.mp3,2014/Dimension - Command.mp3
Heavy,Rockwell - User.mp3,Heavy/Rockwell - User.mp3
2018,Rockwell - User.mp3,2018/Rockwell - User.mp3
2017,Metrik - Fatso (VIP).mp3,2017/Metrik - Fatso (VIP).mp3
2011,Charli XCX - You're The One (Loadstar Remix).mp3,2011/Charli XCX - You're The One (Loadstar Remix).mp3
2012,Charli XCX - You're The One (Loadstar Remix).mp3,2012/Charli XCX - You're The One (Loadstar Remix).mp3
Remixes,Charli XCX - You're The One (Loadstar Remix).mp3,Remixes/Charli XCX - You're The One (Loadstar Remix).mp3
2012,Plan B - Deepest Shame (Andy C Remix).mp3,2012/Plan B - Deepest Shame (Andy C Remix).mp3
2011,Plan B - Deepest Shame (Andy C Remix).mp3,2011/Plan B - Deepest Shame (Andy C Remix).mp3
Remixes,Plan B - Deepest Shame (Andy C Remix).mp3,Remixes/Plan B - Deepest Shame (Andy C Remix).mp3
Remixes,Maverick Sabre - I Need (Brookes Brothers Remix).mp3,Remixes/Maverick Sabre - I Need (Brookes Brothers Remix).mp3
2019,Artificial Intelligence - Even Though.mp3,2019/Artificial Intelligence - Even Though.mp3
2018,1991 - The Epiphany (ft. Matt Wilson).mp3,2018/1991 - The Epiphany (ft. Matt Wilson).mp3
2019,SubMarine - IWY.mp3,2019/SubMarine - IWY.mp3
Heavy,Phace & Misanthrop - Nordwand.mp3,Heavy/Phace & Misanthrop - Nordwand.mp3
2014,Phace & Misanthrop - Nordwand.mp3,2014/Phace & Misanthrop - Nordwand.mp3
2014,Kwabs - Walk (Nu_Tone Remix).mp3,2014/Kwabs - Walk (Nu_Tone Remix).mp3
Remixes,Kwabs - Walk (Nu_Tone Remix).mp3,Remixes/Kwabs - Walk (Nu_Tone Remix).mp3
2009,Danny Byrd Ft. Zarif - California.mp3,2009/Danny Byrd Ft. Zarif - California.mp3
2009,Enter Shikari - Juggernauts (Nero Remix).mp3,2009/Enter Shikari - Juggernauts (Nero Remix).mp3
Remixes,Enter Shikari - Juggernauts (Nero Remix).mp3,Remixes/Enter Shikari - Juggernauts (Nero Remix).mp3
Heavy,Dirtyphonics - Teleportation (The Prototypes Remix).mp3,Heavy/Dirtyphonics - Teleportation (The Prototypes Remix).mp3
Remixes,Dirtyphonics - Teleportation (The Prototypes Remix).mp3,Remixes/Dirtyphonics - Teleportation (The Prototypes Remix).mp3
2017,Dirtyphonics - Teleportation (The Prototypes Remix).mp3,2017/Dirtyphonics - Teleportation (The Prototypes Remix).mp3
2016,Dossa & Locuzzed - Only Way (ft. Tasha Baxter).mp3,2016/Dossa & Locuzzed - Only Way (ft. Tasha Baxter).mp3
Heavy,The Upbeats & Rockwell - Gamma Ray.mp3,Heavy/The Upbeats & Rockwell - Gamma Ray.mp3
2018,The Upbeats & Rockwell - Gamma Ray.mp3,2018/The Upbeats & Rockwell - Gamma Ray.mp3
Heavy,A.M.C - Mind The Gap.mp3,Heavy/A.M.C - Mind The Gap.mp3
2019,A.M.C - Mind The Gap.mp3,2019/A.M.C - Mind The Gap.mp3
2016,Hybrid Minds - Skeletons (ft. Grimm).mp3,2016/Hybrid Minds - Skeletons (ft. Grimm).mp3
Heavy,Emperor - Defect.mp3,Heavy/Emperor - Defect.mp3
2017,Emperor - Defect.mp3,2017/Emperor - Defect.mp3
2016,Disprove - Call The Shots.mp3,2016/Disprove - Call The Shots.mp3
Heavy,Disprove - Call The Shots.mp3,Heavy/Disprove - Call The Shots.mp3
2016,Hybrid Minds - Phoenix (ft. Alexa Harley).mp3,2016/Hybrid Minds - Phoenix (ft. Alexa Harley).mp3
2014,Ownglow - Tension.mp3,2014/Ownglow - Tension.mp3
2016,GLXY - In Space It Never Rains (ft. Louisa Bass).mp3,2016/GLXY - In Space It Never Rains (ft. Louisa Bass).mp3
2016,Dabin - Hold (ft. Daniela Andrade) (Fred V & Grafix Remix).mp3,2016/Dabin - Hold (ft. Daniela Andrade) (Fred V & Grafix Remix).mp3
Remixes,Dabin - Hold (ft. Daniela Andrade) (Fred V & Grafix Remix).mp3,Remixes/Dabin - Hold (ft. Daniela Andrade) (Fred V & Grafix Remix).mp3
2015,Mindscape - One Sound (ft. Kryptomedic).mp3,2015/Mindscape - One Sound (ft. Kryptomedic).mp3
Heavy,Mindscape - One Sound (ft. Kryptomedic).mp3,Heavy/Mindscape - One Sound (ft. Kryptomedic).mp3
2014,Flite - Colorless.mp3,2014/Flite - Colorless.mp3
2014,"Dimitri Vegas, Moguai & Like Mike - Body Talk (Mammoth) (Ft. Julian Perretta) (S.P.Y Remix).mp3","2014/Dimitri Vegas, Moguai & Like Mike - Body Talk (Mammoth) (Ft. Julian Perretta) (S.P.Y Remix).mp3"
Remixes,"Dimitri Vegas, Moguai & Like Mike - Body Talk (Mammoth) (Ft. Julian Perretta) (S.P.Y Remix).mp3","Remixes/Dimitri Vegas, Moguai & Like Mike - Body Talk (Mammoth) (Ft. Julian Perretta) (S.P.Y Remix).mp3"
Remixes,Ry X - Bad Love (Camo & Krooked Remix).mp3,Remixes/Ry X - Bad Love (Camo & Krooked Remix).mp3
2018,Ry X - Bad Love (Camo & Krooked Remix).mp3,2018/Ry X - Bad Love (Camo & Krooked Remix).mp3
2016,Dossa & Locuzzed - Dance.mp3,2016/Dossa & Locuzzed - Dance.mp3
Remixes,Amy Steele - Graces (Icicle Remix).mp3,Remixes/Amy Steele - Graces (Icicle Remix).mp3
2017,Amy Steele - Graces (Icicle Remix).mp3,2017/Amy Steele - Graces (Icicle Remix).mp3
2014,Submotion Orchestra - Trust Lust (The Upbeats Remix).mp3,2014/Submotion Orchestra - Trust Lust (The Upbeats Remix).mp3
Remixes,Submotion Orchestra - Trust Lust (The Upbeats Remix).mp3,Remixes/Submotion Orchestra - Trust Lust (The Upbeats Remix).mp3
2017,Feint - Outer Reaches (Instrumental).mp3,2017/Feint - Outer Reaches (Instrumental).mp3
2018,Pola & Bryson - Dream Days.mp3,2018/Pola & Bryson - Dream Days.mp3
2018,Camo & Krooked - Honesty (Dossa & Locuzzed Remix).mp3,2018/Camo & Krooked - Honesty (Dossa & Locuzzed Remix).mp3
Remixes,Camo & Krooked - Honesty (Dossa & Locuzzed Remix).mp3,Remixes/Camo & Krooked - Honesty (Dossa & Locuzzed Remix).mp3
2015,Halflight - Breaking My Heart.mp3,2015/Halflight - Breaking My Heart.mp3
2014,Rollz - Blue In Grey.mp3,2014/Rollz - Blue In Grey.mp3
Heavy,Dan Caplen - Trouble (Calyx & TeeBee Remix).mp3,Heavy/Dan Caplen - Trouble (Calyx & TeeBee Remix).mp3
2018,Dan Caplen - Trouble (Calyx & TeeBee Remix).mp3,2018/Dan Caplen - Trouble (Calyx & TeeBee Remix).mp3
Remixes,Dan Caplen - Trouble (Calyx & TeeBee Remix).mp3,Remixes/Dan Caplen - Trouble (Calyx & TeeBee Remix).mp3
2010,Koncept - Galactic Girl.mp3,2010/Koncept - Galactic Girl.mp3
2014,My Nu Leng - Knowing (Break Remix).mp3,2014/My Nu Leng - Knowing (Break Remix).mp3
Remixes,My Nu Leng - Knowing (Break Remix).mp3,Remixes/My Nu Leng - Knowing (Break Remix).mp3
2017,Dimension - Generator.mp3,2017/Dimension - Generator.mp3
Remixes,Jorja Smith - The One (High Contrast Remix).mp3,Remixes/Jorja Smith - The One (High Contrast Remix).mp3
2018,Jorja Smith - The One (High Contrast Remix).mp3,2018/Jorja Smith - The One (High Contrast Remix).mp3
2012,Rollz - The Projects.mp3,2012/Rollz - The Projects.mp3
2011,Rollz - The Projects.mp3,2011/Rollz - The Projects.mp3
2016,Culture Shock - Have It All (ft. Raphaella).mp3,2016/Culture Shock - Have It All (ft. Raphaella).mp3
2015,Mefjus & Rido - Correlation.mp3,2015/Mefjus & Rido - Correlation.mp3
Heavy,Mefjus & Rido - Correlation.mp3,Heavy/Mefjus & Rido - Correlation.mp3
2017,Ekko & Sidetrack - Let The Light In (ft. Reija Lee).mp3,2017/Ekko & Sidetrack - Let The Light In (ft. Reija Lee).mp3
2015,Jason Burns - Lightweight (Chords Remix).mp3,2015/Jason Burns - Lightweight (Chords Remix).mp3
Remixes,Jason Burns - Lightweight (Chords Remix).mp3,Remixes/Jason Burns - Lightweight (Chords Remix).mp3
2016,SpectraSoul - From The Jaws.mp3,2016/SpectraSoul - From The Jaws.mp3
2009,Mr Dan & Sparks - Body Slam (Modified Motion Remix).mp3,2009/Mr Dan & Sparks - Body Slam (Modified Motion Remix).mp3
Remixes,Mr Dan & Sparks - Body Slam (Modified Motion Remix).mp3,Remixes/Mr Dan & Sparks - Body Slam (Modified Motion Remix).mp3
2016,Jome - Cinnamon (Hybrid Minds Remix).mp3,2016/Jome - Cinnamon (Hybrid Minds Remix).mp3
Remixes,Jome - Cinnamon (Hybrid Minds Remix).mp3,Remixes/Jome - Cinnamon (Hybrid Minds Remix).mp3
Heavy,Black Sun Empire & Noisia - The Veil.mp3,Heavy/Black Sun Empire & Noisia - The Veil.mp3
2017,Black Sun Empire & Noisia - The Veil.mp3,2017/Black Sun Empire & Noisia - The Veil.mp3
Heavy,Tantrum Desire - Adventure Through Space.mp3,Heavy/Tantrum Desire - Adventure Through Space.mp3
2014,Tantrum Desire - Adventure Through Space.mp3,2014/Tantrum Desire - Adventure Through Space.mp3
Heavy,Sigma - Slow Down (ft. Jetta) (Calyx & TeeBee Remix).mp3,Heavy/Sigma - Slow Down (ft. Jetta) (Calyx & TeeBee Remix).mp3
2017,Sigma - Slow Down (ft. Jetta) (Calyx & TeeBee Remix).mp3,2017/Sigma - Slow Down (ft. Jetta) (Calyx & TeeBee Remix).mp3
Remixes,Sigma - Slow Down (ft. Jetta) (Calyx & TeeBee Remix).mp3,Remixes/Sigma - Slow Down (ft. Jetta) (Calyx & TeeBee Remix).mp3
2010,Hadouken! - Mic Check (Camo & Krooked Remix).mp3,2010/Hadouken! - Mic Check (Camo & Krooked Remix).mp3
Remixes,Hadouken! - Mic Check (Camo & Krooked Remix).mp3,Remixes/Hadouken! - Mic Check (Camo & Krooked Remix).mp3
2019,Pola & Bryson - Running In The Dark (ft. Ruth Royall).mp3,2019/Pola & Bryson - Running In The Dark (ft. Ruth Royall).mp3
2017,BCee - Keep Moving On.mp3,2017/BCee - Keep Moving On.mp3
2018,Dexcell - Truths Unspoken (ft. In_Most & Lucy Kitchen).mp3,2018/Dexcell - Truths Unspoken (ft. In_Most & Lucy Kitchen).mp3
Heavy,KLAX - The Mute.mp3,Heavy/KLAX - The Mute.mp3
2017,KLAX - The Mute.mp3,2017/KLAX - The Mute.mp3
2014,TC - The Countdown.mp3,2014/TC - The Countdown.mp3
2010,Plan B - Love Goes Down (Doctor P Remix).mp3,2010/Plan B - Love Goes Down (Doctor P Remix).mp3
Remixes,Plan B - Love Goes Down (Doctor P Remix).mp3,Remixes/Plan B - Love Goes Down (Doctor P Remix).mp3
2009,Tantrum Desire - Smile.mp3,2009/Tantrum Desire - Smile.mp3
2016,Dan Dakota - Stood In The Dark.mp3,2016/Dan Dakota - Stood In The Dark.mp3
Remixes,Delta Heavy ft. Modestep - Here With Me (The Prototypes Remix).mp3,Remixes/Delta Heavy ft. Modestep - Here With Me (The Prototypes Remix).mp3
2019,Delta Heavy ft. Modestep - Here With Me (The Prototypes Remix).mp3,2019/Delta Heavy ft. Modestep - Here With Me (The Prototypes Remix).mp3
Heavy,Mampi Swift & Arnone - History.mp3,Heavy/Mampi Swift & Arnone - History.mp3
2018,Mampi Swift & Arnone - History.mp3,2018/Mampi Swift & Arnone - History.mp3
Remixes,The Crystal Method - Play For Real (Dirtyphonics Remix).mp3,Remixes/The Crystal Method - Play For Real (Dirtyphonics Remix).mp3
2015,The Prototypes - Hypercube.mp3,2015/The Prototypes - Hypercube.mp3
2016,Dimension - In Bleach.mp3,2016/Dimension - In Bleach.mp3
2019,Clipz - Down 4.mp3,2019/Clipz - Down 4.mp3
2014,Anushka - Never Can Decide (Ivy Lab Remix).mp3,2014/Anushka - Never Can Decide (Ivy Lab Remix).mp3
Remixes,Anushka - Never Can Decide (Ivy Lab Remix).mp3,Remixes/Anushka - Never Can Decide (Ivy Lab Remix).mp3
2018,Camo & Krooked - Ember (Noisia Remix).mp3,2018/Camo & Krooked - Ember (Noisia Remix).mp3
Remixes,Camo & Krooked - Ember (Noisia Remix).mp3,Remixes/Camo & Krooked - Ember (Noisia Remix).mp3
Heavy,InsideInfo - Glimpse (ft. Fable).mp3,Heavy/InsideInfo - Glimpse (ft. Fable).mp3
2017,InsideInfo - Glimpse (ft. Fable).mp3,2017/InsideInfo - Glimpse (ft. Fable).mp3
2016,Technimatic - Night Vision VIP.mp3,2016/Technimatic - Night Vision VIP.mp3
Remixes,Technimatic - Night Vision VIP.mp3,Remixes/Technimatic - Night Vision VIP.mp3
2012,Rudimental - Not Giving In (Ft. John Newman & Alex Clare) (Ed Rush Remix).mp3,2012/Rudimental - Not Giving In (Ft. John Newman & Alex Clare) (Ed Rush Remix).mp3
2011,Rudimental - Not Giving In (Ft. John Newman & Alex Clare) (Ed Rush Remix).mp3,2011/Rudimental - Not Giving In (Ft. John Newman & Alex Clare) (Ed Rush Remix).mp3
Remixes,Rudimental - Not Giving In (Ft. John Newman & Alex Clare) (Ed Rush Remix).mp3,Remixes/Rudimental - Not Giving In (Ft. John Newman & Alex Clare) (Ed Rush Remix).mp3
2015,Brookes Brothers - Climb High (ft. Danny Byrd).mp3,2015/Brookes Brothers - Climb High (ft. Danny Byrd).mp3
2009,erb N dub - Bass.mp3,2009/erb N dub - Bass.mp3
2015,Aprés - Chicago (Technimatic Remix).mp3,2015/Aprés - Chicago (Technimatic Remix).mp3
Remixes,Aprés - Chicago (Technimatic Remix).mp3,Remixes/Aprés - Chicago (Technimatic Remix).mp3
2012,DJ Marky & S.P.Y - Last Night.mp3,2012/DJ Marky & S.P.Y - Last Night.mp3
2011,DJ Marky & S.P.Y - Last Night.mp3,2011/DJ Marky & S.P.Y - Last Night.mp3
2014,Insomniax - Over Again (Ft. Faye Chatfield) (VIP).mp3,2014/Insomniax - Over Again (Ft. Faye Chatfield) (VIP).mp3
2009,KG - Love Today.mp3,2009/KG - Love Today.mp3
2016,Whiney - Teddy's Gate (ft. LaMeduza).mp3,2016/Whiney - Teddy's Gate (ft. LaMeduza).mp3
Heavy,Teddy Killerz - Quasar.mp3,Heavy/Teddy Killerz - Quasar.mp3
2015,Teddy Killerz - Quasar.mp3,2015/Teddy Killerz - Quasar.mp3
2019,Mindstate x Dogger x Liam Bailey - So So.mp3,2019/Mindstate x Dogger x Liam Bailey - So So.mp3
2010,Delta Heavy - Abort.mp3,2010/Delta Heavy - Abort.mp3
2013,Ray Foxx - Fireworks (Bang Bang) (Ft. J Warner) (Koncept Remix).mp3,2013/Ray Foxx - Fireworks (Bang Bang) (Ft. J Warner) (Koncept Remix).mp3
Remixes,Ray Foxx - Fireworks (Bang Bang) (Ft. J Warner) (Koncept Remix).mp3,Remixes/Ray Foxx - Fireworks (Bang Bang) (Ft. J Warner) (Koncept Remix).mp3
2015,The Prodigy - Nasty (Spor Remix).mp3,2015/The Prodigy - Nasty (Spor Remix).mp3
Heavy,The Prodigy - Nasty (Spor Remix).mp3,Heavy/The Prodigy - Nasty (Spor Remix).mp3
Remixes,The Prodigy - Nasty (Spor Remix).mp3,Remixes/The Prodigy - Nasty (Spor Remix).mp3
2014,BCee - Back To The Street (Ft. Philippa Hanna) (Nu_Tone Remix).mp3,2014/BCee - Back To The Street (Ft. Philippa Hanna) (Nu_Tone Remix).mp3
Remixes,BCee - Back To The Street (Ft. Philippa Hanna) (Nu_Tone Remix).mp3,Remixes/BCee - Back To The Street (Ft. Philippa Hanna) (Nu_Tone Remix).mp3
2013,NickBee - Third Entity.mp3,2013/NickBee - Third Entity.mp3
Heavy,NickBee - Third Entity.mp3,Heavy/NickBee - Third Entity.mp3
2019,Cyantific - Cyborg VIP (ft. BMotion).mp3,2019/Cyantific - Cyborg VIP (ft. BMotion).mp3
Remixes,dBridge - So Lonely (Satl Remix).mp3,Remixes/dBridge - So Lonely (Satl Remix).mp3
2019,dBridge - So Lonely (Satl Remix).mp3,2019/dBridge - So Lonely (Satl Remix).mp3
2010,Camo & Krooked - The Escape.mp3,2010/Camo & Krooked - The Escape.mp3
2016,Hybrid Minds - Touch (ft. Tiffani Juno).mp3,2016/Hybrid Minds - Touch (ft. Tiffani Juno).mp3
2010,Crystal Fighters - In The Summer (Brookes Brothers Remix).mp3,2010/Crystal Fighters - In The Summer (Brookes Brothers Remix).mp3
Remixes,Crystal Fighters - In The Summer (Brookes Brothers Remix).mp3,Remixes/Crystal Fighters - In The Summer (Brookes Brothers Remix).mp3
2019,Kanine - What I Said.mp3,2019/Kanine - What I Said.mp3
2016,UKF Drum & Bass - The Vanguard Project – All That I Need (ft. Pat Fulgoni).mp3,2016/UKF Drum & Bass - The Vanguard Project – All That I Need (ft. Pat Fulgoni).mp3
2010,Funkstar De Luxe - Do You Feel (Metrik Remix).mp3,2010/Funkstar De Luxe - Do You Feel (Metrik Remix).mp3
Remixes,Funkstar De Luxe - Do You Feel (Metrik Remix).mp3,Remixes/Funkstar De Luxe - Do You Feel (Metrik Remix).mp3
2009,Miike Snow - Black & Blue (Netsky Remix).mp3,2009/Miike Snow - Black & Blue (Netsky Remix).mp3
Remixes,Miike Snow - Black & Blue (Netsky Remix).mp3,Remixes/Miike Snow - Black & Blue (Netsky Remix).mp3
2011,Jakwob - Blinding (BCee Remix).mp3,2011/Jakwob - Blinding (BCee Remix).mp3
2012,Jakwob - Blinding (BCee Remix).mp3,2012/Jakwob - Blinding (BCee Remix).mp3
Remixes,Jakwob - Blinding (BCee Remix).mp3,Remixes/Jakwob - Blinding (BCee Remix).mp3
2014,Prolix & Misanthrop - Transcendent.mp3,2014/Prolix & Misanthrop - Transcendent.mp3
Heavy,Prolix & Misanthrop - Transcendent.mp3,Heavy/Prolix & Misanthrop - Transcendent.mp3
2015,Break - Pushing Me On.mp3,2015/Break - Pushing Me On.mp3
2017,Lenzman x Artificial Intelligence - Drowning.mp3,2017/Lenzman x Artificial Intelligence - Drowning.mp3
2017,"Riya - Ships (ft. DRS, Villem & McLeod).mp3","2017/Riya - Ships (ft. DRS, Villem & McLeod).mp3"
2018,Tokyo Prose - Lift You Up (ft. Steo).mp3,2018/Tokyo Prose - Lift You Up (ft. Steo).mp3
Heavy,The Upbeats - Dungeon.mp3,Heavy/The Upbeats - Dungeon.mp3
2016,The Upbeats - Dungeon.mp3,2016/The Upbeats - Dungeon.mp3
2014,Lenzman - Ever So Slightly (Artificial Intelligence Remix).mp3,2014/Lenzman - Ever So Slightly (Artificial Intelligence Remix).mp3
Remixes,Lenzman - Ever So Slightly (Artificial Intelligence Remix).mp3,Remixes/Lenzman - Ever So Slightly (Artificial Intelligence Remix).mp3
2017,Survival - I Found You (ft. Naomi Pryor).mp3,2017/Survival - I Found You (ft. Naomi Pryor).mp3
2014,Joe Ford - Off Centre.mp3,2014/Joe Ford - Off Centre.mp3
2017,Dexcell - Closer (ft. Charlotte Haining).mp3,2017/Dexcell - Closer (ft. Charlotte Haining).mp3
Remixes,Monsieur Adi - What's Going On_ (Ft. A_M_E) (ShockOne Remix).mp3,Remixes/Monsieur Adi - What's Going On_ (Ft. A_M_E) (ShockOne Remix).mp3
2019,Zero T & Steo - Can't Hide.mp3,2019/Zero T & Steo - Can't Hide.mp3
2019,GLXY - Changed Forever.mp3,2019/GLXY - Changed Forever.mp3
2016,Mohican Sun - Where Did You Go.mp3,2016/Mohican Sun - Where Did You Go.mp3
Heavy,Foreign Concept - Kilmersdon.mp3,Heavy/Foreign Concept - Kilmersdon.mp3
2018,Foreign Concept - Kilmersdon.mp3,2018/Foreign Concept - Kilmersdon.mp3
2018,LQ - Keep Hiding.mp3,2018/LQ - Keep Hiding.mp3
Heavy,"Teknian, Disprove & Ordure - Lockheed.mp3","Heavy/Teknian, Disprove & Ordure - Lockheed.mp3"
2014,"Teknian, Disprove & Ordure - Lockheed.mp3","2014/Teknian, Disprove & Ordure - Lockheed.mp3"
Remixes,Hybrid Minds - New Orleans (Ft. Holly Drummond) (BCee Remix).mp3,Remixes/Hybrid Minds - New Orleans (Ft. Holly Drummond) (BCee Remix).mp3
2013,Artificial Intelligence & Kathy Brown - Somebody To Love.mp3,2013/Artificial Intelligence & Kathy Brown - Somebody To Love.mp3
Heavy,Calyx & TeeBee - A Day That Never Comes (Break Remix).mp3,Heavy/Calyx & TeeBee - A Day That Never Comes (Break Remix).mp3
2017,Calyx & TeeBee - A Day That Never Comes (Break Remix).mp3,2017/Calyx & TeeBee - A Day That Never Comes (Break Remix).mp3
Remixes,Calyx & TeeBee - A Day That Never Comes (Break Remix).mp3,Remixes/Calyx & TeeBee - A Day That Never Comes (Break Remix).mp3
2019,Polygon - Feel This Good.mp3,2019/Polygon - Feel This Good.mp3
Remixes,4AM - Wanted (Ft. Georgina Upton) (Chords Remix).mp3,Remixes/4AM - Wanted (Ft. Georgina Upton) (Chords Remix).mp3
2015,Joe Ford - Why So Serious (Ft. Linguistics).mp3,2015/Joe Ford - Why So Serious (Ft. Linguistics).mp3
2013,Ulterior Motive - Lost Contact.mp3,2013/Ulterior Motive - Lost Contact.mp3
2014,London Grammar - Sights (Andy C Remix).mp3,2014/London Grammar - Sights (Andy C Remix).mp3
Remixes,London Grammar - Sights (Andy C Remix).mp3,Remixes/London Grammar - Sights (Andy C Remix).mp3
2017,Hugh Hardie - Emerald City (ft. Pola & Bryson).mp3,2017/Hugh Hardie - Emerald City (ft. Pola & Bryson).mp3
2014,Roni Size - Power.mp3,2014/Roni Size - Power.mp3
2018,Hugh Hardie - Nightingale.mp3,2018/Hugh Hardie - Nightingale.mp3
2016,Rockwell - Chorus of Disapproval.mp3,2016/Rockwell - Chorus of Disapproval.mp3
2016,GLXY - Lonely (ft. Belle Humble).mp3,2016/GLXY - Lonely (ft. Belle Humble).mp3
2014,Joe Nebula & Rachel Wallace - Twisted World (Silent Code Remix).mp3,2014/Joe Nebula & Rachel Wallace - Twisted World (Silent Code Remix).mp3
Remixes,Joe Nebula & Rachel Wallace - Twisted World (Silent Code Remix).mp3,Remixes/Joe Nebula & Rachel Wallace - Twisted World (Silent Code Remix).mp3
2018,Halogenix - Don't You Know.mp3,2018/Halogenix - Don't You Know.mp3
2009,Shock One & Phetsta - The Sun VIP.mp3,2009/Shock One & Phetsta - The Sun VIP.mp3
2015,Riya - I Don't Need (ft. Break).mp3,2015/Riya - I Don't Need (ft. Break).mp3
Heavy,Riya - I Don't Need (ft. Break).mp3,Heavy/Riya - I Don't Need (ft. Break).mp3
2010,Danny Byrd - Moonwalker.mp3,2010/Danny Byrd - Moonwalker.mp3
2010,Unquote & Molecular Structures - Lubov Moya.mp3,2010/Unquote & Molecular Structures - Lubov Moya.mp3
2010,Camo & Krooked - Can't Get Enough.mp3,2010/Camo & Krooked - Can't Get Enough.mp3
2014,Hybrid Minds - Meant To Be (Ft. Grimm) (InsideInfo Remix).mp3,2014/Hybrid Minds - Meant To Be (Ft. Grimm) (InsideInfo Remix).mp3
Heavy,Hybrid Minds - Meant To Be (Ft. Grimm) (InsideInfo Remix).mp3,Heavy/Hybrid Minds - Meant To Be (Ft. Grimm) (InsideInfo Remix).mp3
Remixes,Hybrid Minds - Meant To Be (Ft. Grimm) (InsideInfo Remix).mp3,Remixes/Hybrid Minds - Meant To Be (Ft. Grimm) (InsideInfo Remix).mp3
2016,Break - Ain't No Turning Back.mp3,2016/Break - Ain't No Turning Back.mp3
Heavy,Break - Ain't No Turning Back.mp3,Heavy/Break - Ain't No Turning Back.mp3
2015,Cyantific - High Water Mark.mp3,2015/Cyantific - High Water Mark.mp3
2010,Fred V - Catch You.mp3,2010/Fred V - Catch You.mp3
2016,Camo & Krooked - Ember.mp3,2016/Camo & Krooked - Ember.mp3
Remixes,Baby D - Let Me Be Your Fantasy (J Majik & Wickaman Remix).mp3,Remixes/Baby D - Let Me Be Your Fantasy (J Majik & Wickaman Remix).mp3
2015,SpectraSoul - Shelter (ft. Lily McKenzie) (VIP Mix).mp3,2015/SpectraSoul - Shelter (ft. Lily McKenzie) (VIP Mix).mp3
2014,Chris.SU - Together in the Night (Ft. Mira).mp3,2014/Chris.SU - Together in the Night (Ft. Mira).mp3
2013,Chris.SU - Together in the Night (Ft. Mira).mp3,2013/Chris.SU - Together in the Night (Ft. Mira).mp3
Heavy,A.M.C & Turno - Alliance.mp3,Heavy/A.M.C & Turno - Alliance.mp3
2018,A.M.C & Turno - Alliance.mp3,2018/A.M.C & Turno - Alliance.mp3
2014,Tokyo Prose - Waiting On (Ft. Riya).mp3,2014/Tokyo Prose - Waiting On (Ft. Riya).mp3
2013,Lenzman - Empty Promise.mp3,2013/Lenzman - Empty Promise.mp3
2017,Hybrid Minds - Listen (ft. Tiffani Juno).mp3,2017/Hybrid Minds - Listen (ft. Tiffani Juno).mp3
2011,Major Lazer - Get Free (Ft. Amber Coffman) (Andy C Remix).mp3,2011/Major Lazer - Get Free (Ft. Amber Coffman) (Andy C Remix).mp3
2012,Major Lazer - Get Free (Ft. Amber Coffman) (Andy C Remix).mp3,2012/Major Lazer - Get Free (Ft. Amber Coffman) (Andy C Remix).mp3
Remixes,Major Lazer - Get Free (Ft. Amber Coffman) (Andy C Remix).mp3,Remixes/Major Lazer - Get Free (Ft. Amber Coffman) (Andy C Remix).mp3
2018,Pola & Bryson - Night Dawns (ft. Lauren Archer).mp3,2018/Pola & Bryson - Night Dawns (ft. Lauren Archer).mp3
2014,Ellie Goulding - Beating Heart (Dexcell Remix).mp3,2014/Ellie Goulding - Beating Heart (Dexcell Remix).mp3
Remixes,Ellie Goulding - Beating Heart (Dexcell Remix).mp3,Remixes/Ellie Goulding - Beating Heart (Dexcell Remix).mp3
2019,Camo & Krooked - Atlas.mp3,2019/Camo & Krooked - Atlas.mp3
2017,Turno & North Base - Third Eye (ft. Harry Shotta).mp3,2017/Turno & North Base - Third Eye (ft. Harry Shotta).mp3
2018,GLXY - Vision.mp3,2018/GLXY - Vision.mp3
Heavy,The Prototypes & Prolix - Enter The Void.mp3,Heavy/The Prototypes & Prolix - Enter The Void.mp3
2017,The Prototypes & Prolix - Enter The Void.mp3,2017/The Prototypes & Prolix - Enter The Void.mp3
Heavy,S.P.Y - Get Up.mp3,Heavy/S.P.Y - Get Up.mp3
2017,S.P.Y - Get Up.mp3,2017/S.P.Y - Get Up.mp3
2017,Feint - Take It In (ft. Koven) (Hybrid Minds Remix).mp3,2017/Feint - Take It In (ft. Koven) (Hybrid Minds Remix).mp3
Remixes,Feint - Take It In (ft. Koven) (Hybrid Minds Remix).mp3,Remixes/Feint - Take It In (ft. Koven) (Hybrid Minds Remix).mp3
2016,SpectraSoul - Waiting For.mp3,2016/SpectraSoul - Waiting For.mp3
2010,Zarif - Box Of Secrets (Cyantific & Wilkinson Remix).mp3,2010/Zarif - Box Of Secrets (Cyantific & Wilkinson Remix).mp3
Remixes,Zarif - Box Of Secrets (Cyantific & Wilkinson Remix).mp3,Remixes/Zarif - Box Of Secrets (Cyantific & Wilkinson Remix).mp3
2014,Flite - Featherfall.mp3,2014/Flite - Featherfall.mp3
2009,erb N dub - Slipping Away.mp3,2009/erb N dub - Slipping Away.mp3
2014,Noisia & Calyx & TeeBee - Hyenas.mp3,2014/Noisia & Calyx & TeeBee - Hyenas.mp3
2013,Noisia & Calyx & TeeBee - Hyenas.mp3,2013/Noisia & Calyx & TeeBee - Hyenas.mp3
2015,BCee - Firebox.mp3,2015/BCee - Firebox.mp3
2015,Calibre - Another.mp3,2015/Calibre - Another.mp3
2014,Seinabo Sey - Pistols at Dawn (Culture Shock Remix).mp3,2014/Seinabo Sey - Pistols at Dawn (Culture Shock Remix).mp3
Remixes,Seinabo Sey - Pistols at Dawn (Culture Shock Remix).mp3,Remixes/Seinabo Sey - Pistols at Dawn (Culture Shock Remix).mp3
2018,Logistics - FWD (ft. Pola & Bryson).mp3,2018/Logistics - FWD (ft. Pola & Bryson).mp3
2016,DC Breaks - Never Stop.mp3,2016/DC Breaks - Never Stop.mp3
2013,Symptom - Overrule My Senses (Ft. Ella).mp3,2013/Symptom - Overrule My Senses (Ft. Ella).mp3
2017,Pola & Bryson - Find Your Way (ft. Charlotte Haining).mp3,2017/Pola & Bryson - Find Your Way (ft. Charlotte Haining).mp3
2015,Keeno & Whiney - Dignity Found.mp3,2015/Keeno & Whiney - Dignity Found.mp3
2017,Changing Faces & Malaky - Day For Night.mp3,2017/Changing Faces & Malaky - Day For Night.mp3
2010,Kinetics - Whisper (Feat. Amelia June).mp3,2010/Kinetics - Whisper (Feat. Amelia June).mp3
Remixes,Clare Maguire - The Last Dance (Danny Byrd Remix).mp3,Remixes/Clare Maguire - The Last Dance (Danny Byrd Remix).mp3
2015,BCee - Come And Join Us.mp3,2015/BCee - Come And Join Us.mp3
Heavy,ShockOne - Til Dawn.mp3,Heavy/ShockOne - Til Dawn.mp3
2019,ShockOne - Til Dawn.mp3,2019/ShockOne - Til Dawn.mp3
Remixes,Linguistics - Run (Hybrid Minds Remix).mp3,Remixes/Linguistics - Run (Hybrid Minds Remix).mp3
2018,Linguistics - Run (Hybrid Minds Remix).mp3,2018/Linguistics - Run (Hybrid Minds Remix).mp3
2014,Optiv & BTK - Zero Tolerance.mp3,2014/Optiv & BTK - Zero Tolerance.mp3
2013,London Grammar - Strong (High Contrast Remix).mp3,2013/London Grammar - Strong (High Contrast Remix).mp3
Remixes,London Grammar - Strong (High Contrast Remix).mp3,Remixes/London Grammar - Strong (High Contrast Remix).mp3
2014,Sub Focus - Close (Ivy Lab Remix).mp3,2014/Sub Focus - Close (Ivy Lab Remix).mp3
Remixes,Sub Focus - Close (Ivy Lab Remix).mp3,Remixes/Sub Focus - Close (Ivy Lab Remix).mp3
Heavy,Benny L & Inja - Vanta Blackin.mp3,Heavy/Benny L & Inja - Vanta Blackin.mp3
2019,Benny L & Inja - Vanta Blackin.mp3,2019/Benny L & Inja - Vanta Blackin.mp3
2014,Lenzman - Paper Faces (Ft. Martyna Baker).mp3,2014/Lenzman - Paper Faces (Ft. Martyna Baker).mp3
2016,Neonlight - Neon City.mp3,2016/Neonlight - Neon City.mp3
2019,J Majik - Everything I Do.mp3,2019/J Majik - Everything I Do.mp3
2013,Mampi Swift - Soldiers.mp3,2013/Mampi Swift - Soldiers.mp3
2017,Alix Perez & SpectraSoul - Undone (ft. DRS).mp3,2017/Alix Perez & SpectraSoul - Undone (ft. DRS).mp3
Remixes,Pendulum - Watercolour (Matrix & Futurebound Remix).mp3,Remixes/Pendulum - Watercolour (Matrix & Futurebound Remix).mp3
Heavy,Spor - Mind Of An Insomniac (ft. Icicle & Linguistics).mp3,Heavy/Spor - Mind Of An Insomniac (ft. Icicle & Linguistics).mp3
2015,TIEKS - Sunshine (Nu_Tone Remix).mp3,2015/TIEKS - Sunshine (Nu_Tone Remix).mp3
Remixes,TIEKS - Sunshine (Nu_Tone Remix).mp3,Remixes/TIEKS - Sunshine (Nu_Tone Remix).mp3
2015,Hybrid Minds - So Far (ft. Riya).mp3,2015/Hybrid Minds - So Far (ft. Riya).mp3
2015,Amy Steele - The Wolves (Lenzman Remix).mp3,2015/Amy Steele - The Wolves (Lenzman Remix).mp3
Remixes,Amy Steele - The Wolves (Lenzman Remix).mp3,Remixes/Amy Steele - The Wolves (Lenzman Remix).mp3
2009,Tantrum Desire - Ready To Go.mp3,2009/Tantrum Desire - Ready To Go.mp3
Remixes,SpectraSoul - Burst (ft. Dan Moss) (Calibre Remix).mp3,Remixes/SpectraSoul - Burst (ft. Dan Moss) (Calibre Remix).mp3
2018,SpectraSoul - Burst (ft. Dan Moss) (Calibre Remix).mp3,2018/SpectraSoul - Burst (ft. Dan Moss) (Calibre Remix).mp3
2015,GLXY - I Want 2.mp3,2015/GLXY - I Want 2.mp3
2010,Netsky - Memory Lane.mp3,2010/Netsky - Memory Lane.mp3
2019,Halogenix & SOLAH - Out Of Line.mp3,2019/Halogenix & SOLAH - Out Of Line.mp3
2016,Zero T - Too Close To See (ft. Steo).mp3,2016/Zero T - Too Close To See (ft. Steo).mp3
2015,Riya - Still Remains (ft. Hybrid Minds).mp3,2015/Riya - Still Remains (ft. Hybrid Minds).mp3
2015,Zero T - My Name.mp3,2015/Zero T - My Name.mp3
2015,LSB - Remedy.mp3,2015/LSB - Remedy.mp3
2013,Chase & Status - Alive (Ft. Jacob Banks) (Mefjus Remix).mp3,2013/Chase & Status - Alive (Ft. Jacob Banks) (Mefjus Remix).mp3
Remixes,Chase & Status - Alive (Ft. Jacob Banks) (Mefjus Remix).mp3,Remixes/Chase & Status - Alive (Ft. Jacob Banks) (Mefjus Remix).mp3
2013,Amplify Dot - Outlaw (Rockwell Remix).mp3,2013/Amplify Dot - Outlaw (Rockwell Remix).mp3
Remixes,Amplify Dot - Outlaw (Rockwell Remix).mp3,Remixes/Amplify Dot - Outlaw (Rockwell Remix).mp3
Remixes,Jareth - Kaleidoscope (Hybrid Minds Remix).mp3,Remixes/Jareth - Kaleidoscope (Hybrid Minds Remix).mp3
2018,Jareth - Kaleidoscope (Hybrid Minds Remix).mp3,2018/Jareth - Kaleidoscope (Hybrid Minds Remix).mp3
2015,Technimatic - Secret Smile (ft. Lucy Kitchen).mp3,2015/Technimatic - Secret Smile (ft. Lucy Kitchen).mp3
2019,Boxplot & Ownglow - Polaroids of You.mp3,2019/Boxplot & Ownglow - Polaroids of You.mp3
2010,Dansette Junior - Paranoid (Blame Remix).mp3,2010/Dansette Junior - Paranoid (Blame Remix).mp3
Remixes,Dansette Junior - Paranoid (Blame Remix).mp3,Remixes/Dansette Junior - Paranoid (Blame Remix).mp3
Remixes,Emeli Sandé - Daddy (Cyantific Remix).mp3,Remixes/Emeli Sandé - Daddy (Cyantific Remix).mp3
2019,BCee - Cannot Escape Your Love (ft. Lucy Grimble).mp3,2019/BCee - Cannot Escape Your Love (ft. Lucy Grimble).mp3
2017,Phil_osophy - Remember.mp3,2017/Phil_osophy - Remember.mp3
2016,Nu_Logic - Watercolours.mp3,2016/Nu_Logic - Watercolours.mp3
2013,Shapeshifter - Gravity (Lenzman Remix).mp3,2013/Shapeshifter - Gravity (Lenzman Remix).mp3
Remixes,Shapeshifter - Gravity (Lenzman Remix).mp3,Remixes/Shapeshifter - Gravity (Lenzman Remix).mp3
Remixes,Modestep - Feel Good (The Prototypes Remix).mp3,Remixes/Modestep - Feel Good (The Prototypes Remix).mp3
2019,Charli Brix - Kintsugi (ft. QZB).mp3,2019/Charli Brix - Kintsugi (ft. QZB).mp3
2009,Fourward - Fury.mp3,2009/Fourward - Fury.mp3
2013,Andy C - Haunting.mp3,2013/Andy C - Haunting.mp3
2014,BMotion - Circles (Ft. Jon Lilygreen).mp3,2014/BMotion - Circles (Ft. Jon Lilygreen).mp3
2019,Bert H - Gleams (ft. Elle Chante).mp3,2019/Bert H - Gleams (ft. Elle Chante).mp3
2019,"Serum, Paul T & Edward Oberon - Moon In Your Eyes.mp3","2019/Serum, Paul T & Edward Oberon - Moon In Your Eyes.mp3"
Heavy,The Upbeats - DOOM (Black Sun Empire Remix).mp3,Heavy/The Upbeats - DOOM (Black Sun Empire Remix).mp3
2017,The Upbeats - DOOM (Black Sun Empire Remix).mp3,2017/The Upbeats - DOOM (Black Sun Empire Remix).mp3
Remixes,The Upbeats - DOOM (Black Sun Empire Remix).mp3,Remixes/The Upbeats - DOOM (Black Sun Empire Remix).mp3
2010,Pendulum - Witchcraft (Rob Swire's Drumstep Mix).mp3,2010/Pendulum - Witchcraft (Rob Swire's Drumstep Mix).mp3
2015,Breakage - Future (ft. Madi Lane) (Calibre Remix).mp3,2015/Breakage - Future (ft. Madi Lane) (Calibre Remix).mp3
Remixes,Breakage - Future (ft. Madi Lane) (Calibre Remix).mp3,Remixes/Breakage - Future (ft. Madi Lane) (Calibre Remix).mp3
2009,Tantrum Desire - Electronic Brain.mp3,2009/Tantrum Desire - Electronic Brain.mp3
2009,Nero - Act Like You Know.mp3,2009/Nero - Act Like You Know.mp3
2009,Nero - Sound In Motion.mp3,2009/Nero - Sound In Motion.mp3
2019,Anile - Constant Reminder (ft. DRS).mp3,2019/Anile - Constant Reminder (ft. DRS).mp3
2016,Artificial Intelligence - Shrine.mp3,2016/Artificial Intelligence - Shrine.mp3
Remixes,Wretch 32 - Forgiveness (Ft. Etta Bond) (S.P.Y Remix).mp3,Remixes/Wretch 32 - Forgiveness (Ft. Etta Bond) (S.P.Y Remix).mp3
2017,Macca & Loz Contreras - On My Mind.mp3,2017/Macca & Loz Contreras - On My Mind.mp3
2010,M'Black - Heartbreak (Dexcell Remix).mp3,2010/M'Black - Heartbreak (Dexcell Remix).mp3
Remixes,M'Black - Heartbreak (Dexcell Remix).mp3,Remixes/M'Black - Heartbreak (Dexcell Remix).mp3
2017,Hybrid Minds - Solitude (ft. Alexa Harley).mp3,2017/Hybrid Minds - Solitude (ft. Alexa Harley).mp3
2016,Submotion Orchestra - Empty Love (GLXY Remix).mp3,2016/Submotion Orchestra - Empty Love (GLXY Remix).mp3
Remixes,Submotion Orchestra - Empty Love (GLXY Remix).mp3,Remixes/Submotion Orchestra - Empty Love (GLXY Remix).mp3
Heavy,Mob Tactics - Gasp For Breath.mp3,Heavy/Mob Tactics - Gasp For Breath.mp3
2014,Mob Tactics - Gasp For Breath.mp3,2014/Mob Tactics - Gasp For Breath.mp3
2013,Josh Kumra - The Answer (Commix Remix).mp3,2013/Josh Kumra - The Answer (Commix Remix).mp3
Remixes,Josh Kumra - The Answer (Commix Remix).mp3,Remixes/Josh Kumra - The Answer (Commix Remix).mp3
2015,Rockwell - Please Please Please (Play This On The Radio).mp3,2015/Rockwell - Please Please Please (Play This On The Radio).mp3
2017,Keeno - Cosmic Creeper.mp3,2017/Keeno - Cosmic Creeper.mp3
Remixes,BCee & S.P.Y. - Anybody Out There (Friction & K-Tee Remix).mp3,Remixes/BCee & S.P.Y. - Anybody Out There (Friction & K-Tee Remix).mp3
2014,Zinc - Show Me (Calibre Remix).mp3,2014/Zinc - Show Me (Calibre Remix).mp3
Remixes,Zinc - Show Me (Calibre Remix).mp3,Remixes/Zinc - Show Me (Calibre Remix).mp3
2013,Joel Compass - Run (High Contrast Remix).mp3,2013/Joel Compass - Run (High Contrast Remix).mp3
Remixes,Joel Compass - Run (High Contrast Remix).mp3,Remixes/Joel Compass - Run (High Contrast Remix).mp3
2015,Rowpieces - Brazil Calling.mp3,2015/Rowpieces - Brazil Calling.mp3
2009,Sigma - Paint It Black.mp3,2009/Sigma - Paint It Black.mp3
Heavy,DC Breaks - Vendetta (A.M.C & Turno Remix).mp3,Heavy/DC Breaks - Vendetta (A.M.C & Turno Remix).mp3
Remixes,DC Breaks - Vendetta (A.M.C & Turno Remix).mp3,Remixes/DC Breaks - Vendetta (A.M.C & Turno Remix).mp3
2018,DC Breaks - Vendetta (A.M.C & Turno Remix).mp3,2018/DC Breaks - Vendetta (A.M.C & Turno Remix).mp3
2012,Natalie Duncan - Find Me A Home (Ulterior Motive Remix).mp3,2012/Natalie Duncan - Find Me A Home (Ulterior Motive Remix).mp3
2011,Natalie Duncan - Find Me A Home (Ulterior Motive Remix).mp3,2011/Natalie Duncan - Find Me A Home (Ulterior Motive Remix).mp3
Remixes,Natalie Duncan - Find Me A Home (Ulterior Motive Remix).mp3,Remixes/Natalie Duncan - Find Me A Home (Ulterior Motive Remix).mp3
2010,Danny Byrd - Tonight (Feat. Netsky).mp3,2010/Danny Byrd - Tonight (Feat. Netsky).mp3
2019,Satl – All My Life (ft. Steo).mp3,2019/Satl – All My Life (ft. Steo).mp3
2015,Sigma & Rita Ora - Coming Home (Break Remix).mp3,2015/Sigma & Rita Ora - Coming Home (Break Remix).mp3
Remixes,Sigma & Rita Ora - Coming Home (Break Remix).mp3,Remixes/Sigma & Rita Ora - Coming Home (Break Remix).mp3
2019,Workforce - Fragments.mp3,2019/Workforce - Fragments.mp3
2014,Bladerunner - I Need You.mp3,2014/Bladerunner - I Need You.mp3
2018,LSB & Kinross - Roots.mp3,2018/LSB & Kinross - Roots.mp3
Remixes,Total Science ft. Riya - Walk The Same Lines (Calibre Remix).mp3,Remixes/Total Science ft. Riya - Walk The Same Lines (Calibre Remix).mp3
2017,Total Science ft. Riya - Walk The Same Lines (Calibre Remix).mp3,2017/Total Science ft. Riya - Walk The Same Lines (Calibre Remix).mp3
2014,Technimatic & LSB - Rotary Motion (Calibre Remix).mp3,2014/Technimatic & LSB - Rotary Motion (Calibre Remix).mp3
Remixes,Technimatic & LSB - Rotary Motion (Calibre Remix).mp3,Remixes/Technimatic & LSB - Rotary Motion (Calibre Remix).mp3
2014,Nickbee - Terra Formation.mp3,2014/Nickbee - Terra Formation.mp3
2019,Raise Spirit - Don't Let Go (Polygon Remix).mp3,2019/Raise Spirit - Don't Let Go (Polygon Remix).mp3
Remixes,Raise Spirit - Don't Let Go (Polygon Remix).mp3,Remixes/Raise Spirit - Don't Let Go (Polygon Remix).mp3
Heavy,Black Sun Empire & State of Mind - Until The World Ends.mp3,Heavy/Black Sun Empire & State of Mind - Until The World Ends.mp3
2015,Black Sun Empire & State of Mind - Until The World Ends.mp3,2015/Black Sun Empire & State of Mind - Until The World Ends.mp3
2016,NCT - Give In (ft. RAIGN).mp3,2016/NCT - Give In (ft. RAIGN).mp3
2013,DJ Marky & S.P.Y - Yellow Shoes (Calibre Remix).mp3,2013/DJ Marky & S.P.Y - Yellow Shoes (Calibre Remix).mp3
Remixes,DJ Marky & S.P.Y - Yellow Shoes (Calibre Remix).mp3,Remixes/DJ Marky & S.P.Y - Yellow Shoes (Calibre Remix).mp3
2014,Dub Fx - Senorita (Makoto Remix).mp3,2014/Dub Fx - Senorita (Makoto Remix).mp3
Remixes,Dub Fx - Senorita (Makoto Remix).mp3,Remixes/Dub Fx - Senorita (Makoto Remix).mp3
2019,Ekko & Sidetrack ft. Reija Lee - Long Summer (ShockOne Remix).mp3,2019/Ekko & Sidetrack ft. Reija Lee - Long Summer (ShockOne Remix).mp3
Remixes,Ekko & Sidetrack ft. Reija Lee - Long Summer (ShockOne Remix).mp3,Remixes/Ekko & Sidetrack ft. Reija Lee - Long Summer (ShockOne Remix).mp3
2013,MSD - I Feel You (Bluescreens Remix).mp3,2013/MSD - I Feel You (Bluescreens Remix).mp3
Remixes,MSD - I Feel You (Bluescreens Remix).mp3,Remixes/MSD - I Feel You (Bluescreens Remix).mp3
2016,Sigma ft. Take That - Cry (Nu_Tone Remix).mp3,2016/Sigma ft. Take That - Cry (Nu_Tone Remix).mp3
Remixes,Sigma ft. Take That - Cry (Nu_Tone Remix).mp3,Remixes/Sigma ft. Take That - Cry (Nu_Tone Remix).mp3
2015,Lenzman - Starz (LSB Remix).mp3,2015/Lenzman - Starz (LSB Remix).mp3
Remixes,Lenzman - Starz (LSB Remix).mp3,Remixes/Lenzman - Starz (LSB Remix).mp3
2014,State Of Mind - No Operative (Audio Remix).mp3,2014/State Of Mind - No Operative (Audio Remix).mp3
Heavy,State Of Mind - No Operative (Audio Remix).mp3,Heavy/State Of Mind - No Operative (Audio Remix).mp3
Remixes,State Of Mind - No Operative (Audio Remix).mp3,Remixes/State Of Mind - No Operative (Audio Remix).mp3
2019,Camo & Krooked & Mefjus - Kallisto.mp3,2019/Camo & Krooked & Mefjus - Kallisto.mp3
2012,Rusko - Somebody To Love (Sigma Remix).mp3,2012/Rusko - Somebody To Love (Sigma Remix).mp3
2011,Rusko - Somebody To Love (Sigma Remix).mp3,2011/Rusko - Somebody To Love (Sigma Remix).mp3
Remixes,Rusko - Somebody To Love (Sigma Remix).mp3,Remixes/Rusko - Somebody To Love (Sigma Remix).mp3
Heavy,Mefjus - The Sirens.mp3,Heavy/Mefjus - The Sirens.mp3
2018,Mefjus - The Sirens.mp3,2018/Mefjus - The Sirens.mp3
2009,Dirtyphonics Ft. Tali - The Secret.mp3,2009/Dirtyphonics Ft. Tali - The Secret.mp3
2009,Deli J - Insomniac.mp3,2009/Deli J - Insomniac.mp3
2009,Netsky - Prisma.mp3,2009/Netsky - Prisma.mp3
Heavy,Deadline ft. Sydney - Through Your Eyes (Cruk Remix).mp3,Heavy/Deadline ft. Sydney - Through Your Eyes (Cruk Remix).mp3
Remixes,Deadline ft. Sydney - Through Your Eyes (Cruk Remix).mp3,Remixes/Deadline ft. Sydney - Through Your Eyes (Cruk Remix).mp3
2019,Deadline ft. Sydney - Through Your Eyes (Cruk Remix).mp3,2019/Deadline ft. Sydney - Through Your Eyes (Cruk Remix).mp3
2010,DJ Fresh - Kryptonite Album Minimix.mp3,2010/DJ Fresh - Kryptonite Album Minimix.mp3
2014,Hybrid Minds - Mountains (Ft. Jasmine Spence).mp3,2014/Hybrid Minds - Mountains (Ft. Jasmine Spence).mp3
2013,Hybrid Minds - Mountains (Ft. Jasmine Spence).mp3,2013/Hybrid Minds - Mountains (Ft. Jasmine Spence).mp3
2018,Air.K & Cephei - Way Home.mp3,2018/Air.K & Cephei - Way Home.mp3
2016,Bop - Blurred Memories (ft. Synkro) (Etherwood Remix).mp3,2016/Bop - Blurred Memories (ft. Synkro) (Etherwood Remix).mp3
Remixes,Bop - Blurred Memories (ft. Synkro) (Etherwood Remix).mp3,Remixes/Bop - Blurred Memories (ft. Synkro) (Etherwood Remix).mp3
2009,Nero - Do You Wanna.mp3,2009/Nero - Do You Wanna.mp3
2016,Michael Mandal - I Don't Know (Dexcell Remix).mp3,2016/Michael Mandal - I Don't Know (Dexcell Remix).mp3
Remixes,Michael Mandal - I Don't Know (Dexcell Remix).mp3,Remixes/Michael Mandal - I Don't Know (Dexcell Remix).mp3
2016,LSB - Sketch For My Sweetheart.mp3,2016/LSB - Sketch For My Sweetheart.mp3
Remixes,Yogi ft. Ayah Marar - Follow U (AI Remix).mp3,Remixes/Yogi ft. Ayah Marar - Follow U (AI Remix).mp3
2014,High Contrast & Clare Maguire - Who's Loving You (Part 2).mp3,2014/High Contrast & Clare Maguire - Who's Loving You (Part 2).mp3
2012,Emeli Sandé - Next To Me (Nu_Tone Remix).mp3,2012/Emeli Sandé - Next To Me (Nu_Tone Remix).mp3
2011,Emeli Sandé - Next To Me (Nu_Tone Remix).mp3,2011/Emeli Sandé - Next To Me (Nu_Tone Remix).mp3
Remixes,Emeli Sandé - Next To Me (Nu_Tone Remix).mp3,Remixes/Emeli Sandé - Next To Me (Nu_Tone Remix).mp3
2010,Memro - Deepest Blue.mp3,2010/Memro - Deepest Blue.mp3
2009,Dirtyphonics - Lottery.mp3,2009/Dirtyphonics - Lottery.mp3
2009,Dirtyphonics - Vandals.mp3,2009/Dirtyphonics - Vandals.mp3
2010,Eric Prydz - Niton (The Reason) (Sigma Remix).mp3,2010/Eric Prydz - Niton (The Reason) (Sigma Remix).mp3
Remixes,Eric Prydz - Niton (The Reason) (Sigma Remix).mp3,Remixes/Eric Prydz - Niton (The Reason) (Sigma Remix).mp3
2010,Indivision & Livewire - Apologies.mp3,2010/Indivision & Livewire - Apologies.mp3
Remixes,Sander van Doorn - Neon (Ed Rush Remix).mp3,Remixes/Sander van Doorn - Neon (Ed Rush Remix).mp3
2009,KG - Stronger & Stronger.mp3,2009/KG - Stronger & Stronger.mp3
2009,DJ Fresh - Hypercaine.mp3,2009/DJ Fresh - Hypercaine.mp3
2016,Dawn Wall - I See U.mp3,2016/Dawn Wall - I See U.mp3
2017,Flite - Progression.mp3,2017/Flite - Progression.mp3
2016,Riton - Rinse & Repeat (ft. Kah-lo) (Rockwell Remix).mp3,2016/Riton - Rinse & Repeat (ft. Kah-lo) (Rockwell Remix).mp3
Remixes,Riton - Rinse & Repeat (ft. Kah-lo) (Rockwell Remix).mp3,Remixes/Riton - Rinse & Repeat (ft. Kah-lo) (Rockwell Remix).mp3
2014,Aeph - Scumbag (Teddy Killerz Remix).mp3,2014/Aeph - Scumbag (Teddy Killerz Remix).mp3
Remixes,Aeph - Scumbag (Teddy Killerz Remix).mp3,Remixes/Aeph - Scumbag (Teddy Killerz Remix).mp3
2010,Ellie Goulding - Starry Eyed (Dexcell Remix).mp3,2010/Ellie Goulding - Starry Eyed (Dexcell Remix).mp3
Remixes,Ellie Goulding - Starry Eyed (Dexcell Remix).mp3,Remixes/Ellie Goulding - Starry Eyed (Dexcell Remix).mp3
2014,Phil Tangent - Bedouin (Ft. Steo).mp3,2014/Phil Tangent - Bedouin (Ft. Steo).mp3
2014,Amy Steele - Bury You Deep (Technimatic Remix).mp3,2014/Amy Steele - Bury You Deep (Technimatic Remix).mp3
Remixes,Amy Steele - Bury You Deep (Technimatic Remix).mp3,Remixes/Amy Steele - Bury You Deep (Technimatic Remix).mp3
2010,Danny Byrd Ft. Liquid - Sweet Harmony.mp3,2010/Danny Byrd Ft. Liquid - Sweet Harmony.mp3
Heavy,Muzzy & Flite - Elevate (ft. Miss Trouble).mp3,Heavy/Muzzy & Flite - Elevate (ft. Miss Trouble).mp3
2018,Muzzy & Flite - Elevate (ft. Miss Trouble).mp3,2018/Muzzy & Flite - Elevate (ft. Miss Trouble).mp3
Remixes,Hans Zimmer - S.T.A.Y. (Delta Heavy Tribute).mp3,Remixes/Hans Zimmer - S.T.A.Y. (Delta Heavy Tribute).mp3
2017,Hans Zimmer - S.T.A.Y. (Delta Heavy Tribute).mp3,2017/Hans Zimmer - S.T.A.Y. (Delta Heavy Tribute).mp3
2018,Hybrid Minds - Paint By Numbers (ft. Charlotte Haining).mp3,2018/Hybrid Minds - Paint By Numbers (ft. Charlotte Haining).mp3
2014,Chase & Status - Blk & Blu (Ft. Ed Thomas) (Calibre Remix).mp3,2014/Chase & Status - Blk & Blu (Ft. Ed Thomas) (Calibre Remix).mp3
Remixes,Chase & Status - Blk & Blu (Ft. Ed Thomas) (Calibre Remix).mp3,Remixes/Chase & Status - Blk & Blu (Ft. Ed Thomas) (Calibre Remix).mp3
2010,Joman - Static (InContext Remix).mp3,2010/Joman - Static (InContext Remix).mp3
Remixes,Joman - Static (InContext Remix).mp3,Remixes/Joman - Static (InContext Remix).mp3
Remixes,Emeli Sandé - Heaven (Nu_Tone Remix).mp3,Remixes/Emeli Sandé - Heaven (Nu_Tone Remix).mp3
2014,London Grammar - Hey Now (Rockwell Remix).mp3,2014/London Grammar - Hey Now (Rockwell Remix).mp3
Remixes,London Grammar - Hey Now (Rockwell Remix).mp3,Remixes/London Grammar - Hey Now (Rockwell Remix).mp3
2010,Indivision - Secret Vision.mp3,2010/Indivision - Secret Vision.mp3
2013,Black Sun Empire - Arrakis (Noisia Remix).mp3,2013/Black Sun Empire - Arrakis (Noisia Remix).mp3
Remixes,Black Sun Empire - Arrakis (Noisia Remix).mp3,Remixes/Black Sun Empire - Arrakis (Noisia Remix).mp3
2009,Deadmau5 - I Remember (J Majik & Wickaman Remix).mp3,2009/Deadmau5 - I Remember (J Majik & Wickaman Remix).mp3
Remixes,Deadmau5 - I Remember (J Majik & Wickaman Remix).mp3,Remixes/Deadmau5 - I Remember (J Majik & Wickaman Remix).mp3
2015,Muzzy - Feeling Stronger (Ft. Charlotte Colley).mp3,2015/Muzzy - Feeling Stronger (Ft. Charlotte Colley).mp3
Heavy,The Upbeats - Rituals.mp3,Heavy/The Upbeats - Rituals.mp3
2014,The Upbeats - Rituals.mp3,2014/The Upbeats - Rituals.mp3
2010,Kava Kava - Clarity (B-Complex remix).mp3,2010/Kava Kava - Clarity (B-Complex remix).mp3
Remixes,Kava Kava - Clarity (B-Complex remix).mp3,Remixes/Kava Kava - Clarity (B-Complex remix).mp3
2009,Shock One - True Believer [Ft. Phetsta & Metrik].mp3,2009/Shock One - True Believer [Ft. Phetsta & Metrik].mp3
2009,Shock One - Polygon [Ft. Reija].mp3,2009/Shock One - Polygon [Ft. Reija].mp3
2009,Calvin Harris - I'm Not Alone (Feature Cast Remix).mp3,2009/Calvin Harris - I'm Not Alone (Feature Cast Remix).mp3
Remixes,Calvin Harris - I'm Not Alone (Feature Cast Remix).mp3,Remixes/Calvin Harris - I'm Not Alone (Feature Cast Remix).mp3
Heavy,KillSonik - Daggers.mp3,Heavy/KillSonik - Daggers.mp3
2019,KillSonik - Daggers.mp3,2019/KillSonik - Daggers.mp3
2009,Sub Focus - Follow The Light.mp3,2009/Sub Focus - Follow The Light.mp3
2017,SpectraSoul - Wrong To Love You (ft. LSB).mp3,2017/SpectraSoul - Wrong To Love You (ft. LSB).mp3
2017,TC - Time Travel.mp3,2017/TC - Time Travel.mp3
Heavy,Camo & Krooked - Black or White (ft. Tasha Baxter) (Signal Remix).mp3,Heavy/Camo & Krooked - Black or White (ft. Tasha Baxter) (Signal Remix).mp3
Remixes,Camo & Krooked - Black or White (ft. Tasha Baxter) (Signal Remix).mp3,Remixes/Camo & Krooked - Black or White (ft. Tasha Baxter) (Signal Remix).mp3
2017,Camo & Krooked - Black or White (ft. Tasha Baxter) (Signal Remix).mp3,2017/Camo & Krooked - Black or White (ft. Tasha Baxter) (Signal Remix).mp3
2010,BCee feat. Jo-S - Mr Bidigan (Total Science Remix).mp3,2010/BCee feat. Jo-S - Mr Bidigan (Total Science Remix).mp3
Remixes,BCee feat. Jo-S - Mr Bidigan (Total Science Remix).mp3,Remixes/BCee feat. Jo-S - Mr Bidigan (Total Science Remix).mp3
2010,Netsky - I Refuse (Shock One Remix).mp3,2010/Netsky - I Refuse (Shock One Remix).mp3
Remixes,Netsky - I Refuse (Shock One Remix).mp3,Remixes/Netsky - I Refuse (Shock One Remix).mp3
2014,T-Phonic - Positive (Ft. Elbie).mp3,2014/T-Phonic - Positive (Ft. Elbie).mp3
2017,ALB & Colossus - Into The Blue (ft. Anastasia).mp3,2017/ALB & Colossus - Into The Blue (ft. Anastasia).mp3
Heavy,Ownglow x Mitekiss - Take Me.mp3,Heavy/Ownglow x Mitekiss - Take Me.mp3
2017,Ownglow x Mitekiss - Take Me.mp3,2017/Ownglow x Mitekiss - Take Me.mp3
Heavy,Black Sun Empire & State of Mind - Caterpillar (ft. Virus Syndicate).mp3,Heavy/Black Sun Empire & State of Mind - Caterpillar (ft. Virus Syndicate).mp3
2016,Black Sun Empire & State of Mind - Caterpillar (ft. Virus Syndicate).mp3,2016/Black Sun Empire & State of Mind - Caterpillar (ft. Virus Syndicate).mp3
2018,Marcus Intalex - Roller 170.mp3,2018/Marcus Intalex - Roller 170.mp3
2017,Pegboard Nerds - Speed Of Light (Andy C Remix).mp3,2017/Pegboard Nerds - Speed Of Light (Andy C Remix).mp3
Remixes,Pegboard Nerds - Speed Of Light (Andy C Remix).mp3,Remixes/Pegboard Nerds - Speed Of Light (Andy C Remix).mp3
2013,Breach - Jack (Calibre Remix).mp3,2013/Breach - Jack (Calibre Remix).mp3
Remixes,Breach - Jack (Calibre Remix).mp3,Remixes/Breach - Jack (Calibre Remix).mp3
Heavy,The Upbeats - Mediums.mp3,Heavy/The Upbeats - Mediums.mp3
2016,The Upbeats - Mediums.mp3,2016/The Upbeats - Mediums.mp3
2014,Seba - Addicted.mp3,2014/Seba - Addicted.mp3
Heavy,Bad Company UK - Nomad.mp3,Heavy/Bad Company UK - Nomad.mp3
2016,Bad Company UK - Nomad.mp3,2016/Bad Company UK - Nomad.mp3
2014,BCee - Typical Description (Ft. David Boomah) (Calibre Remix).mp3,2014/BCee - Typical Description (Ft. David Boomah) (Calibre Remix).mp3
Remixes,BCee - Typical Description (Ft. David Boomah) (Calibre Remix).mp3,Remixes/BCee - Typical Description (Ft. David Boomah) (Calibre Remix).mp3
2010,KG - Falling Apart.mp3,2010/KG - Falling Apart.mp3
2010,Cinematic - Colourblind.mp3,2010/Cinematic - Colourblind.mp3
2015,Billain & Kodin - Feed For Speed.mp3,2015/Billain & Kodin - Feed For Speed.mp3
Heavy,Billain & Kodin - Feed For Speed.mp3,Heavy/Billain & Kodin - Feed For Speed.mp3
2015,Kings Of The City - Wrong (Muzzy Remix).mp3,2015/Kings Of The City - Wrong (Muzzy Remix).mp3
Remixes,Kings Of The City - Wrong (Muzzy Remix).mp3,Remixes/Kings Of The City - Wrong (Muzzy Remix).mp3
Remixes,Technimatic - Parallel (ft. Zara Kershaw) (LSB Remix).mp3,Remixes/Technimatic - Parallel (ft. Zara Kershaw) (LSB Remix).mp3
2017,Technimatic - Parallel (ft. Zara Kershaw) (LSB Remix).mp3,2017/Technimatic - Parallel (ft. Zara Kershaw) (LSB Remix).mp3
Heavy,Dreadzone - Fire In The Dark (Teddy Killerz Remix).mp3,Heavy/Dreadzone - Fire In The Dark (Teddy Killerz Remix).mp3
2014,Dreadzone - Fire In The Dark (Teddy Killerz Remix).mp3,2014/Dreadzone - Fire In The Dark (Teddy Killerz Remix).mp3
Remixes,Dreadzone - Fire In The Dark (Teddy Killerz Remix).mp3,Remixes/Dreadzone - Fire In The Dark (Teddy Killerz Remix).mp3
2014,David Boomah - Where Do We Go From Here_ (One Love) (Calibre Remix).mp3,2014/David Boomah - Where Do We Go From Here_ (One Love) (Calibre Remix).mp3
Remixes,David Boomah - Where Do We Go From Here_ (One Love) (Calibre Remix).mp3,Remixes/David Boomah - Where Do We Go From Here_ (One Love) (Calibre Remix).mp3
Remixes,Zomboy - End Game (TC Remix).mp3,Remixes/Zomboy - End Game (TC Remix).mp3
2019,Zomboy - End Game (TC Remix).mp3,2019/Zomboy - End Game (TC Remix).mp3
2010,S.P.Y. - By Your Side.mp3,2010/S.P.Y. - By Your Side.mp3
2010,B-Complex - Beautiful Lies VIP.mp3,2010/B-Complex - Beautiful Lies VIP.mp3
2014,Pablo Nouvelle - You Don't Understand (Calibre Remix).mp3,2014/Pablo Nouvelle - You Don't Understand (Calibre Remix).mp3
Remixes,Pablo Nouvelle - You Don't Understand (Calibre Remix).mp3,Remixes/Pablo Nouvelle - You Don't Understand (Calibre Remix).mp3
2009,erb N dub - Lucifer.mp3,2009/erb N dub - Lucifer.mp3
2019,Animus - Fluorescent (ft. Laurita).mp3,2019/Animus - Fluorescent (ft. Laurita).mp3
Remixes,Marco Del Horno - This Town Is Ours (Ft. Emi Green) (S.P.Y Vocal Remix).mp3,Remixes/Marco Del Horno - This Town Is Ours (Ft. Emi Green) (S.P.Y Vocal Remix).mp3
Heavy,Billain - Colossus.mp3,Heavy/Billain - Colossus.mp3
2014,Billain - Colossus.mp3,2014/Billain - Colossus.mp3
2010,Physics & L.A.O.S - Street Thing.mp3,2010/Physics & L.A.O.S - Street Thing.mp3
2018,Phil Tangent - Universal Sigh.mp3,2018/Phil Tangent - Universal Sigh.mp3
2016,deadmau5 - Strobe (Dimension Remix).mp3,2016/deadmau5 - Strobe (Dimension Remix).mp3
Remixes,deadmau5 - Strobe (Dimension Remix).mp3,Remixes/deadmau5 - Strobe (Dimension Remix).mp3
2009,KG - Versatility Sessions Volume 1.mp3,2009/KG - Versatility Sessions Volume 1.mp3
2010,UKF Drum & Bass - UKF Drum & Bass 2010 (Album Megamix).mp3,2010/UKF Drum & Bass - UKF Drum & Bass 2010 (Album Megamix).mp3
2016,UKF Drum & Bass - Drum&BassArena 20 Years (Album Megamix).mp3,2016/UKF Drum & Bass - Drum&BassArena 20 Years (Album Megamix).mp3
2011,UKF Drum & Bass - UKF Drum & Bass 2012 (Album Megamix).mp3,2011/UKF Drum & Bass - UKF Drum & Bass 2012 (Album Megamix).mp3
2012,UKF Drum & Bass - UKF Drum & Bass 2012 (Album Megamix).mp3,2012/UKF Drum & Bass - UKF Drum & Bass 2012 (Album Megamix).mp3
2016,UKF Drum & Bass - Drum&BassArena 2016 (Album Megamix).mp3,2016/UKF Drum & Bass - Drum&BassArena 2016 (Album Megamix).mp3
2009,Mistanoize - Exclusive Mix.mp3,2009/Mistanoize - Exclusive Mix.mp3
2009,UKF Drum & Bass - The Return Of Navigator (Feat. SMK) Mixed by erb N dub.mp3,2009/UKF Drum & Bass - The Return Of Navigator (Feat. SMK) Mixed by erb N dub.mp3
2014,UKF Drum & Bass - UKF Drum & Bass 2014 (Album Megamix).mp3,2014/UKF Drum & Bass - UKF Drum & Bass 2014 (Album Megamix).mp3
2013,UKF Drum & Bass - UKF Summer Drum & Bass (Album Megamix).mp3,2013/UKF Drum & Bass - UKF Summer Drum & Bass (Album Megamix).mp3
2014,UKF Drum & Bass - UKF Bass Culture 3 (Drum & Bass Megamix).mp3,2014/UKF Drum & Bass - UKF Bass Culture 3 (Drum & Bass Megamix).mp3
2013,UKF Drum & Bass - UKF Drum & Bass 2013 (Album Megamix).mp3,2013/UKF Drum & Bass - UKF Drum & Bass 2013 (Album Megamix).mp3
2015,UKF Drum & Bass - Drum&BassArena Summer Rewind (Album Megamix).mp3,2015/UKF Drum & Bass - Drum&BassArena Summer Rewind (Album Megamix).mp3
Heavy,UKF Drum & Bass - Drum&BassArena 2015 (Album Megamix).mp3,Heavy/UKF Drum & Bass - Drum&BassArena 2015 (Album Megamix).mp3
2015,UKF Drum & Bass - UKF Drum & Bass 2015 (Album Mix).mp3,2015/UKF Drum & Bass - UKF Drum & Bass 2015 (Album Mix).mp3
2014,Fred V & Grafix - Unrecognisable LP (Minimix).mp3,2014/Fred V & Grafix - Unrecognisable LP (Minimix).mp3
Remixes,Fred V & Grafix - Unrecognisable LP (Minimix).mp3,Remixes/Fred V & Grafix - Unrecognisable LP (Minimix).mp3
2017,UKF Drum & Bass - Drum&BassArena 2017 (Album Megamix).mp3,2017/UKF Drum & Bass - Drum&BassArena 2017 (Album Megamix).mp3
2015,"UKF Drum & Bass - UKF Summer Drum & Bass, Vol. 2 (Album Megamix).mp3","2015/UKF Drum & Bass - UKF Summer Drum & Bass, Vol. 2 (Album Megamix).mp3"
2010,UKF Drum & Bass - Viper Recordings Presents_ Summer Slammers 2010 (Minimix by KG).mp3,2010/UKF Drum & Bass - Viper Recordings Presents_ Summer Slammers 2010 (Minimix by KG).mp3
2016,UKF Drum & Bass - UKF Drum & Bass 2016 (Album Megamix).mp3,2016/UKF Drum & Bass - UKF Drum & Bass 2016 (Album Megamix).mp3
2017,UKF Drum & Bass - UKF Drum & Bass 2017 (Album Mix).mp3,2017/UKF Drum & Bass - UKF Drum & Bass 2017 (Album Mix).mp3
2019,Drum&BassArena 2019 (Album Mix).mp3,2019/Drum&BassArena 2019 (Album Mix).mp3
Heavy,UKF Drum & Bass - UKF Drum & Bass_ Best of Drum & Bass 2018 Mix.mp3,Heavy/UKF Drum & Bass - UKF Drum & Bass_ Best of Drum & Bass 2018 Mix.mp3
2018,UKF Drum & Bass - UKF Drum & Bass_ Best of Drum & Bass 2018 Mix.mp3,2018/UKF Drum & Bass - UKF Drum & Bass_ Best of Drum & Bass 2018 Mix.mp3
2017,UKF Drum & Bass - Liquid Drum & Bass Mix by Hybrid Minds.mp3,2017/UKF Drum & Bass - Liquid Drum & Bass Mix by Hybrid Minds.mp3
